-- phpMyAdmin SQL Dump
-- version 4.8.5
-- https://www.phpmyadmin.net/
--
-- 主機： 127.0.0.1
-- 產生時間： 2019 年 06 月 15 日 18:05
-- 伺服器版本： 10.1.38-MariaDB
-- PHP 版本： 7.3.4

SET SQL_MODE = "NO_AUTO_VALUE_ON_ZERO";
SET AUTOCOMMIT = 0;
START TRANSACTION;
SET time_zone = "+00:00";


/*!40101 SET @OLD_CHARACTER_SET_CLIENT=@@CHARACTER_SET_CLIENT */;
/*!40101 SET @OLD_CHARACTER_SET_RESULTS=@@CHARACTER_SET_RESULTS */;
/*!40101 SET @OLD_COLLATION_CONNECTION=@@COLLATION_CONNECTION */;
/*!40101 SET NAMES utf8mb4 */;

--
-- 資料庫： `dbfinal`
--

-- --------------------------------------------------------

--
-- 資料表結構 `使用者`
--

CREATE TABLE `使用者` (
  `帳號` varchar(10) NOT NULL,
  `菜名ID` int(11) NOT NULL
) ENGINE=InnoDB DEFAULT CHARSET=utf8;

-- --------------------------------------------------------

--
-- 資料表結構 `備料`
--

CREATE TABLE `備料` (
  `菜名ID` int(5) NOT NULL,
  `食材編碼ID` int(5) NOT NULL,
  `數量` varchar(20) NOT NULL
) ENGINE=InnoDB DEFAULT CHARSET=utf8;

--
-- 傾印資料表的資料 `備料`
--

INSERT INTO `備料` (`菜名ID`, `食材編碼ID`, `數量`) VALUES
(1, 1, '少許'),
(1, 2, '150g'),
(1, 3, '200g'),
(1, 4, '1匙'),
(2, 5, '5條'),
(2, 6, '200g'),
(2, 7, '2條'),
(2, 8, '1條'),
(2, 9, '適量'),
(3, 10, '450g'),
(3, 11, '45g'),
(3, 12, '3個'),
(3, 13, '450g'),
(3, 14, '6g'),
(3, 15, '少許'),
(3, 16, '少許'),
(4, 7, '1大匙'),
(4, 17, '1杯'),
(4, 18, '1/5顆'),
(4, 19, '1罐'),
(4, 20, '1顆'),
(5, 2, '15根'),
(5, 3, '市售約一盒'),
(5, 20, '2顆'),
(5, 21, '1/2顆'),
(5, 22, '1大匙'),
(5, 23, '6小顆'),
(5, 24, '2顆'),
(6, 9, '適量'),
(6, 25, '1條'),
(6, 26, '適量'),
(6, 27, '適量'),
(7, 18, '磨末2大匙'),
(7, 20, '2顆'),
(7, 23, '磨末2大匙'),
(7, 28, '市售約一盒'),
(7, 29, '市售約一盒'),
(7, 30, '少許'),
(7, 31, '少許'),
(7, 32, '5大匙'),
(7, 33, '6大匙'),
(7, 34, '3大匙'),
(8, 12, '3顆'),
(8, 21, '1/2顆'),
(8, 26, '70g'),
(8, 27, '適量'),
(8, 35, '40g'),
(8, 36, '40g'),
(8, 37, '30g'),
(8, 38, '30g'),
(9, 9, '1/2斤'),
(9, 12, '1/2斤'),
(9, 20, '1/2斤'),
(9, 26, '1/2斤'),
(9, 27, '1/2斤'),
(9, 31, '1/2斤'),
(9, 39, '1/2斤'),
(9, 40, '1塊'),
(9, 41, '適量'),
(9, 42, '少許'),
(9, 43, '1/2斤'),
(9, 44, '1/2斤'),
(9, 45, '1/2斤'),
(10, 9, '1小匙'),
(10, 12, '4顆'),
(10, 25, '1條'),
(11, 1, '1大匙'),
(11, 17, '1.5碗'),
(11, 18, '1/2個'),
(11, 27, '1/4小匙'),
(11, 31, '1大匙'),
(11, 32, '2大匙'),
(11, 46, '300-500克'),
(11, 47, '1/2個'),
(11, 48, '1小匙'),
(12, 9, '適量'),
(12, 18, '1/2個'),
(12, 36, '1/2個'),
(12, 47, '1/2個'),
(13, 1, '9杯'),
(13, 11, '3匙'),
(13, 49, '1杯'),
(14, 9, '2g'),
(14, 21, '1茶匙'),
(14, 27, '2g'),
(14, 50, '1條'),
(15, 1, '適量'),
(15, 7, '2根'),
(15, 11, ''),
(15, 12, '2顆'),
(15, 23, '2片'),
(15, 32, '適量'),
(15, 52, '2片'),
(15, 53, '適量'),
(15, 54, '適量'),
(15, 55, '3片'),
(15, 56, '1個'),
(16, 7, '適量'),
(16, 9, '5g'),
(16, 12, '2顆'),
(16, 17, '2杯'),
(16, 18, '0.5顆'),
(16, 23, '1瓣'),
(16, 32, '15g'),
(16, 33, '10g'),
(16, 57, '2隻'),
(16, 58, '10g'),
(17, 31, '1匙'),
(17, 55, '切絲一小碗'),
(17, 60, '1條'),
(17, 61, '20粒'),
(18, 7, '50g'),
(18, 8, '1根'),
(18, 23, '2/3大匙'),
(18, 26, '2/3大匙'),
(18, 27, '1.5小匙'),
(18, 59, '500g'),
(19, 7, '適量'),
(19, 23, '3顆'),
(19, 27, '適量'),
(19, 31, '適量'),
(19, 48, '適量'),
(19, 63, '適量'),
(19, 64, '10隻'),
(19, 65, '適量'),
(20, 7, '4根'),
(20, 11, '1/2匙'),
(20, 18, '1/2顆'),
(20, 23, '2片'),
(20, 27, '1/2顆'),
(20, 31, '1/4匙'),
(20, 32, '1/3匙'),
(20, 47, '1/2顆'),
(20, 54, '少許'),
(20, 66, '1塊'),
(20, 67, '少許'),
(20, 68, '1/4匙'),
(20, 69, '2匙'),
(21, 18, '1/4顆'),
(21, 32, '1大匙'),
(21, 52, '200g'),
(21, 55, '1/2大匙'),
(21, 58, '1大匙'),
(22, 1, '半水杯'),
(22, 8, '1條'),
(22, 11, '半茶匙'),
(22, 31, '1茶匙'),
(22, 32, '2茶匙'),
(22, 55, '數片'),
(22, 66, '1份'),
(22, 70, '2茶匙'),
(23, 8, '1條'),
(23, 22, '20片'),
(23, 23, '3片'),
(23, 71, '3條'),
(24, 7, '3根'),
(24, 23, '6粒'),
(24, 31, '一小碗'),
(24, 32, '2大湯匙'),
(24, 53, '半湯匙'),
(24, 72, '800g'),
(24, 73, '少許'),
(24, 74, '2/3大塊'),
(25, 1, '適量'),
(25, 8, '1條'),
(25, 9, '適量'),
(25, 51, '2大匙'),
(25, 55, '15片'),
(25, 62, '適量'),
(25, 75, '1把'),
(26, 18, '1/4顆'),
(26, 32, '少許'),
(26, 48, '少許'),
(26, 52, '2份'),
(26, 76, '3片'),
(26, 77, '1/2根'),
(26, 78, '1/8顆'),
(26, 79, '2人份'),
(27, 1, '少許'),
(27, 8, '1/2根'),
(27, 17, '1匙'),
(27, 23, '2顆'),
(27, 51, '2大匙'),
(27, 80, '1條'),
(27, 81, '2顆'),
(28, 17, '1碗'),
(28, 83, '適量'),
(28, 84, '1片'),
(28, 85, '適量'),
(29, 6, '適量'),
(29, 7, ' 2根 '),
(29, 18, '半顆 '),
(29, 25, ' 1/4條 '),
(29, 32, '適量'),
(29, 54, '適量 '),
(29, 78, '適量'),
(29, 86, '一大片'),
(29, 91, '兩大朵'),
(29, 94, '適量 '),
(29, 95, '適量'),
(30, 9, '半匙'),
(30, 12, '2顆'),
(30, 48, '半匙'),
(30, 54, '適量'),
(30, 87, '30-40cc'),
(30, 89, '適量'),
(31, 8, '適量'),
(31, 23, '適量'),
(31, 32, '適量'),
(31, 75, '1把'),
(31, 88, '200g'),
(31, 90, '1匙'),
(32, 9, '1匙'),
(32, 18, '2個'),
(32, 20, '1個'),
(32, 23, '3瓣'),
(32, 33, '3匙'),
(32, 36, '半個'),
(32, 65, '1匙'),
(32, 71, '1個'),
(33, 12, '2顆'),
(33, 87, '10-15毫升'),
(33, 92, '2片'),
(33, 93, '少許'),
(34, 40, '1塊'),
(34, 83, '2匙'),
(34, 96, '少許'),
(34, 97, '適量'),
(35, 37, '5顆'),
(35, 87, '100g'),
(35, 98, '1顆'),
(35, 99, '30g'),
(35, 100, '40g'),
(36, 9, '2g'),
(36, 11, '35g'),
(36, 12, '兩顆'),
(36, 101, '80g'),
(36, 106, '90g'),
(36, 107, '適量'),
(36, 108, '10g'),
(36, 111, '6g'),
(36, 112, '200g'),
(37, 102, '1張'),
(37, 103, '1條'),
(37, 104, '1條'),
(38, 10, '1片'),
(38, 12, '1顆'),
(38, 105, '1片'),
(38, 109, '1張'),
(39, 7, '1根'),
(39, 8, '少許'),
(39, 23, '4片'),
(39, 30, '2株'),
(39, 32, '1匙'),
(39, 67, '2匙'),
(39, 110, '6片'),
(40, 8, '1條'),
(40, 9, '2大匙'),
(40, 11, '2大匙半'),
(40, 23, '6瓣'),
(40, 70, '1大匙'),
(40, 73, '6-8大匙'),
(40, 103, '10條'),
(41, 1, '1匙'),
(41, 3, '30g'),
(41, 11, '少許'),
(41, 31, '1匙'),
(41, 32, '1匙'),
(41, 54, '少許'),
(41, 94, '10g'),
(41, 95, '2顆'),
(41, 113, '150g'),
(41, 114, '30g'),
(42, 1, '200cc'),
(42, 8, '1根'),
(42, 9, '適量'),
(42, 23, '4瓣'),
(42, 115, '400g'),
(42, 116, '300g'),
(43, 106, '290g'),
(43, 117, '160g'),
(43, 118, '70g'),
(43, 120, '60g'),
(43, 121, '30g'),
(44, 1, '適量'),
(44, 9, '適量'),
(44, 20, '3顆'),
(44, 51, '1匙'),
(44, 62, '適量'),
(44, 78, '1/4個'),
(45, 8, '1根'),
(45, 23, '4顆'),
(45, 122, '450g'),
(46, 9, '適量'),
(46, 12, '一顆'),
(46, 24, '一顆'),
(46, 106, '適量'),
(46, 123, '適量'),
(47, 6, '1片'),
(47, 7, '1大把'),
(47, 8, '1條'),
(47, 23, '1大匙'),
(47, 31, '1大匙'),
(47, 68, '1大匙'),
(47, 97, '1.5大匙'),
(48, 11, '40g'),
(48, 13, '360g'),
(48, 14, '7g'),
(48, 44, '2顆'),
(48, 87, '100g'),
(49, 1, '1大匙'),
(49, 9, '少許'),
(49, 11, '1/2大匙'),
(49, 23, '2小匙'),
(49, 32, '2大匙'),
(49, 51, '適量'),
(49, 110, '5塊'),
(50, 8, '1根'),
(50, 9, '1匙'),
(50, 23, '4片'),
(50, 78, '1/2顆'),
(50, 125, '50g'),
(51, 23, '適量'),
(51, 50, '2-3根'),
(51, 51, '1大匙'),
(51, 89, '1小匙'),
(52, 23, '1顆'),
(52, 25, '1/2條'),
(52, 115, '200g'),
(52, 126, '1小碟'),
(53, 23, '2-3瓣'),
(53, 36, '2大顆'),
(53, 50, '1顆'),
(54, 1, '2000ml'),
(54, 11, '5米杯'),
(54, 17, '2/3杯'),
(54, 127, '3節'),
(55, 1, '1匙'),
(55, 3, '1盒'),
(55, 31, '1匙'),
(55, 54, '少許'),
(55, 74, '半罐'),
(56, 12, '一顆'),
(56, 87, '50cc'),
(56, 128, '120g'),
(57, 9, '1小匙'),
(57, 23, '適量'),
(57, 82, '適量'),
(57, 91, '300g'),
(58, 1, '3碗'),
(58, 12, '10顆'),
(58, 32, '1碗'),
(58, 58, '1碗'),
(59, 1, '200ml'),
(59, 11, '4小匙'),
(59, 18, '半顆'),
(59, 25, '2根'),
(59, 32, '200ml'),
(59, 88, '一盒'),
(60, 1, '150克'),
(60, 17, '1碗'),
(60, 18, '半顆'),
(60, 31, '30克'),
(60, 32, '50克'),
(60, 58, '20克'),
(60, 88, '180克'),
(61, 1, '600克'),
(61, 7, '少許'),
(61, 129, '15克'),
(61, 130, '15克'),
(61, 131, '半盒'),
(61, 132, '100克'),
(62, 12, '4片'),
(62, 28, '2個'),
(62, 106, '適量'),
(62, 123, '適量'),
(63, 23, '10克'),
(63, 32, '2大匙'),
(63, 58, '2大匙'),
(63, 66, '400克'),
(63, 132, '3大匙'),
(64, 7, '4根'),
(64, 12, '4顆'),
(64, 18, '2顆'),
(64, 31, '1大匙'),
(64, 32, '2大匙'),
(64, 58, '2大匙'),
(64, 59, '6片'),
(64, 131, '少許'),
(65, 1, '半碗'),
(65, 11, '1/2茶匙'),
(65, 32, '1/2大匙'),
(65, 59, '1塊'),
(65, 134, '20克'),
(66, 7, '1碗'),
(66, 23, '1碗'),
(66, 72, '2條'),
(66, 110, '1碗'),
(66, 135, '1碗'),
(66, 136, '1把'),
(67, 23, '少許'),
(67, 137, '1隻'),
(68, 9, '1匙'),
(68, 23, '5片'),
(68, 31, '1/2碗'),
(68, 32, '2匙'),
(68, 55, '3片'),
(68, 97, '2匙'),
(68, 137, '3根'),
(68, 138, '1包'),
(68, 139, '1匙'),
(69, 9, '適量'),
(69, 13, '3匙'),
(69, 17, '1杯'),
(69, 18, '1/2顆'),
(69, 23, '2片'),
(69, 31, '2匙'),
(69, 33, '1匙'),
(69, 40, '適量'),
(69, 50, '13個'),
(69, 63, '20g'),
(69, 137, '1片'),
(69, 141, '適量'),
(69, 143, '2.5杯'),
(70, 144, '4大匙'),
(70, 145, '1/2碗'),
(70, 146, '8顆'),
(71, 9, '適量'),
(71, 23, '1匙'),
(71, 72, '250g'),
(71, 147, '1把'),
(72, 9, '少許'),
(72, 23, '多'),
(72, 32, '少許'),
(72, 54, '適量'),
(72, 66, '300克'),
(72, 148, '少許'),
(73, 1, '200c.c.'),
(73, 3, '100g'),
(73, 7, '1枝'),
(73, 11, '1匙'),
(73, 31, '1匙'),
(73, 32, '1.5匙'),
(73, 40, '1盒'),
(73, 48, '1份'),
(73, 51, '2匙'),
(73, 70, '1匙'),
(73, 149, '1.5匙'),
(74, 9, '適量'),
(74, 21, '1片'),
(74, 82, '適量'),
(74, 152, '3尾'),
(75, 1, '適量'),
(75, 11, '5匙'),
(75, 55, '1塊'),
(75, 152, '5條'),
(75, 153, '半罐'),
(76, 23, '1瓣'),
(76, 32, '1茶匙'),
(76, 50, '2根'),
(76, 58, '1茶匙'),
(76, 101, '5g'),
(77, 18, '1/2顆'),
(77, 27, '適量'),
(77, 32, '2大匙'),
(77, 58, '2大匙'),
(77, 88, '喜歡的量'),
(77, 154, '1大匙'),
(78, 18, '1個'),
(78, 24, '2個'),
(78, 25, '2條'),
(78, 137, '250g'),
(78, 155, '6塊'),
(78, 156, '40克'),
(79, 11, '60克'),
(79, 12, '3顆'),
(79, 32, '2大匙'),
(79, 101, '30克'),
(79, 106, '30克'),
(79, 126, '40克'),
(80, 1, '適量'),
(80, 32, '1匙'),
(80, 48, '適量'),
(80, 82, '1匙'),
(80, 157, '300g'),
(80, 158, '1/4匙'),
(81, 1, '150克'),
(81, 3, '300克'),
(81, 23, '30克'),
(81, 32, '10克'),
(81, 54, '5克'),
(81, 79, '適量'),
(81, 110, '150克'),
(81, 133, '20克'),
(81, 139, '5克'),
(81, 149, '20克'),
(82, 9, '2/3匙'),
(82, 23, '5瓣'),
(82, 26, '250g'),
(82, 31, '1大匙'),
(82, 52, '200g'),
(82, 160, '1/2小匙'),
(83, 9, '1匙'),
(83, 53, '2匙'),
(83, 54, '1匙'),
(83, 82, '2匙'),
(83, 159, '1條'),
(84, 23, '5瓣'),
(84, 31, '100克'),
(84, 32, '2克'),
(84, 53, '2克'),
(84, 54, '2克'),
(84, 55, '3克'),
(84, 72, '1條'),
(84, 161, '3/4杯'),
(84, 162, '適量'),
(85, 1, '300克'),
(85, 163, '200克'),
(85, 164, '250克'),
(85, 165, '100克'),
(86, 1, '適量'),
(86, 23, '5片'),
(86, 25, '300g'),
(86, 32, '5匙'),
(86, 72, '600g'),
(86, 139, '10克'),
(87, 1, '300克'),
(87, 9, '1克'),
(87, 23, '15瓣'),
(87, 31, '30克'),
(87, 61, '300克'),
(87, 137, '300克'),
(88, 1, '400c.c.'),
(88, 9, '適量'),
(88, 11, '適量'),
(88, 18, '1顆'),
(88, 23, '1片'),
(88, 24, '2顆'),
(88, 38, '1罐'),
(88, 87, '150c.c.'),
(89, 1, '160克'),
(89, 17, '2杯'),
(89, 31, '160克'),
(89, 32, '25克'),
(89, 59, '1隻'),
(89, 91, '7朵'),
(90, 1, '500克'),
(90, 9, '2克'),
(90, 54, '2克'),
(90, 55, '2片'),
(90, 167, '300克'),
(90, 168, '1支'),
(90, 169, '20克'),
(91, 1, '500克'),
(91, 34, '30克'),
(91, 87, '500片'),
(91, 170, '10克'),
(92, 3, '250g'),
(92, 9, '1/4匙'),
(92, 32, '1匙'),
(92, 55, '1塊'),
(92, 70, '1匙'),
(92, 124, '25張'),
(93, 1, '300克'),
(93, 11, '40克'),
(93, 162, '200克'),
(93, 166, '300克'),
(94, 1, '120毫升'),
(94, 11, '25克'),
(94, 48, '適量'),
(94, 142, '4個'),
(94, 164, '100克'),
(94, 165, '100克'),
(95, 10, '適量'),
(95, 19, '1罐'),
(95, 38, '1/2罐'),
(95, 82, '適量'),
(95, 124, '1/3包'),
(96, 1, '365克'),
(96, 150, '20克'),
(96, 164, '400克'),
(97, 9, '1/2匙'),
(97, 12, '1顆'),
(97, 26, '5匙'),
(97, 27, '少許'),
(97, 43, '1罐'),
(97, 64, '200g'),
(97, 68, '少許'),
(97, 119, '2匙'),
(97, 126, '1匙'),
(97, 162, '5匙'),
(98, 7, '1支'),
(98, 9, '1克'),
(98, 12, '3顆'),
(98, 31, '10克'),
(98, 39, '200克'),
(98, 48, '6克'),
(98, 54, '1克'),
(98, 55, '3片'),
(99, 1, '1700毫升'),
(99, 7, '3根'),
(99, 9, '10克'),
(99, 54, '1克'),
(99, 137, '2隻'),
(100, 7, '適量'),
(100, 9, '適量'),
(100, 31, '1匙'),
(100, 32, '2匙'),
(100, 151, '1片'),
(101, 3, '200克'),
(101, 9, '2克'),
(101, 12, '1顆'),
(101, 18, '半顆'),
(101, 24, '2顆'),
(101, 38, '30克'),
(101, 106, '適量'),
(101, 123, '適量'),
(102, 1, '90毫升'),
(102, 11, '50克'),
(102, 70, '10克'),
(102, 126, '適量'),
(102, 164, '150克'),
(102, 165, '150克'),
(103, 145, '少許'),
(103, 153, '少量'),
(103, 171, '4個'),
(103, 172, '1根'),
(104, 1, '適量'),
(104, 11, '適量'),
(104, 172, '一杯'),
(105, 1, '45毫升'),
(105, 11, '80g'),
(105, 87, '4米杯'),
(105, 138, '3包'),
(106, 1, '600毫升'),
(106, 11, '適量'),
(106, 174, '40ml'),
(107, 9, '適量'),
(107, 12, '2顆'),
(107, 38, '半碗'),
(107, 82, '適量'),
(107, 175, '4片'),
(108, 1, '1.5大匙'),
(108, 12, '3顆'),
(108, 32, '1.5大匙'),
(108, 91, '1朵'),
(108, 176, '3片'),
(109, 7, '3根'),
(109, 9, '適量'),
(109, 12, '1顆'),
(109, 17, '1碗'),
(109, 177, '1/3碗'),
(110, 11, '45g'),
(110, 12, '2顆'),
(110, 42, '135g'),
(110, 101, '65g'),
(110, 106, '25g'),
(111, 1, '2匙'),
(111, 7, '3支'),
(111, 23, '6顆'),
(111, 28, '600g'),
(111, 31, '2匙'),
(111, 55, '5-6片'),
(111, 178, '4匙'),
(112, 1, '5克'),
(112, 7, '5克'),
(112, 23, '3克'),
(112, 32, '3克'),
(112, 73, '10克'),
(112, 179, '1塊'),
(112, 182, '5克'),
(112, 185, '3克'),
(113, 7, '1根'),
(113, 9, '1匙'),
(113, 27, '1匙'),
(113, 66, '200克'),
(113, 177, '1/2碗'),
(114, 8, '適量'),
(114, 9, '1茶匙'),
(114, 21, '半顆'),
(114, 22, '1包'),
(114, 23, '5瓣'),
(114, 32, '1大匙'),
(114, 46, '350g'),
(115, 7, '適量'),
(115, 105, '依人數自定'),
(116, 9, '適量'),
(116, 64, '數隻'),
(116, 82, '適量'),
(116, 180, '可有可無'),
(117, 1, '12杯，1杯/160c.c.'),
(117, 9, '1匙'),
(117, 181, '600克'),
(117, 183, '2條'),
(118, 9, '2匙'),
(118, 31, '2匙'),
(118, 53, '一些些'),
(118, 162, '些許'),
(118, 184, '1條'),
(119, 31, '1匙'),
(119, 55, '3片'),
(119, 186, '5隻'),
(120, 1, '100-110ml'),
(120, 7, '20克'),
(120, 9, '2克'),
(120, 51, '35ml'),
(120, 54, '適量'),
(120, 106, '200克'),
(121, 7, '1-2根'),
(121, 9, '1匙'),
(121, 23, '3瓣'),
(121, 27, '適量'),
(121, 179, '1盒'),
(122, 9, '1匙'),
(122, 12, '2顆'),
(122, 18, '1顆'),
(122, 70, '1匙'),
(122, 77, '適量'),
(122, 187, '1匙'),
(123, 1, '80cc'),
(123, 18, '1/4顆'),
(123, 39, '5隻'),
(123, 177, '1/4碗'),
(123, 188, '50克'),
(124, 1, '1匙'),
(124, 11, '40克'),
(124, 12, '1顆'),
(124, 16, '1.5匙'),
(124, 101, '60克'),
(124, 106, '120克'),
(124, 189, '1/2匙'),
(125, 7, '適量'),
(125, 12, '1顆'),
(125, 40, '適量'),
(125, 130, '適量'),
(126, 7, '少許'),
(126, 8, '少許'),
(126, 51, '一大匙'),
(126, 179, '一盒'),
(127, 59, '2隻'),
(127, 89, '適量'),
(127, 93, '適量'),
(128, 16, '適量'),
(128, 42, '5塊'),
(128, 190, '3片'),
(129, 3, '100克'),
(129, 11, '1/4小匙'),
(129, 32, '1大匙'),
(129, 40, '1盒'),
(129, 48, '1小匙'),
(130, 7, '些許'),
(130, 18, '些許'),
(130, 40, '1盒'),
(130, 68, '一小匙'),
(130, 132, '半碗'),
(131, 1, '約150cc'),
(131, 3, '約300公克'),
(131, 9, '1小匙'),
(131, 11, '2小匙'),
(131, 18, '半粒'),
(131, 32, '1大匙'),
(131, 47, '8根'),
(131, 70, '1小匙'),
(131, 80, '少許'),
(131, 149, '1大匙'),
(131, 195, '半匙'),
(131, 198, '1小匙'),
(132, 139, '適量'),
(132, 156, '2匙'),
(132, 165, '1.5碗'),
(132, 191, '1朵'),
(132, 192, '1/2碗'),
(133, 7, '一支'),
(133, 9, '適量'),
(133, 27, '適量'),
(133, 40, '一盒'),
(133, 194, '2大匙'),
(134, 10, '2片'),
(134, 12, '2顆'),
(134, 92, '6片'),
(134, 153, '適量'),
(134, 175, '4片'),
(134, 193, '適量'),
(135, 25, '1/3根'),
(135, 70, '1大匙'),
(135, 78, '1大片'),
(135, 130, '10g'),
(135, 199, '1人份'),
(135, 201, '1大匙'),
(136, 9, '1/2匙'),
(136, 73, '3匙'),
(136, 127, '1節'),
(136, 196, '1匙'),
(137, 1, '1米杯'),
(137, 9, '1小匙'),
(137, 23, '2辦'),
(137, 68, '少許'),
(137, 77, '適量'),
(137, 82, '1小匙'),
(137, 197, '1把'),
(138, 9, '適量'),
(138, 12, '3顆'),
(138, 23, '2瓣'),
(138, 40, '2塊'),
(139, 11, '35克'),
(139, 14, '1.5匙'),
(139, 87, '180c.c.'),
(139, 200, '1顆'),
(140, 9, '1茶匙'),
(140, 23, '1小辦'),
(140, 32, '1茶匙'),
(140, 33, '1茶匙'),
(140, 105, '2小片'),
(140, 202, '1包'),
(140, 204, '1包'),
(141, 87, '1000c.c.'),
(141, 203, '3瓶'),
(142, 9, '微量'),
(142, 18, '半顆'),
(142, 20, '2顆'),
(142, 82, '少許'),
(142, 153, '2大匙'),
(142, 205, '半碗'),
(143, 9, '適量'),
(143, 12, '1顆'),
(143, 33, '少許'),
(143, 206, '1片'),
(144, 7, '半枝'),
(144, 9, '適量'),
(144, 12, '2顆'),
(144, 20, '1顆'),
(144, 153, '1大匙'),
(145, 1, '200c.c.'),
(145, 7, '2根'),
(145, 11, '少許'),
(145, 23, '2顆'),
(145, 32, '150c.c.'),
(145, 97, '3匙'),
(145, 207, '1000克'),
(146, 9, '適量'),
(146, 23, '1顆'),
(146, 136, '200g'),
(146, 176, '5片'),
(147, 7, '2支'),
(147, 9, '適量'),
(147, 20, '10顆'),
(147, 28, '150g'),
(147, 79, '2球'),
(148, 12, '1顆'),
(148, 27, '少許'),
(148, 32, '少許'),
(148, 179, '1份'),
(149, 9, '適量'),
(149, 20, '80g'),
(149, 82, '適量'),
(149, 103, '35g'),
(149, 203, '50g'),
(150, 7, '3根'),
(150, 26, '適量'),
(150, 31, '1匙'),
(150, 51, '1匙'),
(150, 55, '1塊'),
(150, 208, '300克'),
(151, 1, '100克'),
(151, 11, '30克'),
(151, 21, '1顆'),
(151, 25, '適量'),
(151, 47, '適量'),
(151, 48, '少許'),
(151, 126, '適量'),
(151, 209, '1/2隻'),
(152, 8, '2把'),
(152, 55, '5片'),
(152, 168, '2支'),
(152, 210, '45克'),
(152, 211, '2匙'),
(153, 8, '適量'),
(153, 9, '1匙'),
(153, 11, '1匙'),
(153, 21, '1/2匙'),
(153, 32, '1匙'),
(153, 55, '適量'),
(153, 73, '3匙'),
(153, 132, '少許'),
(153, 212, '1/3副'),
(154, 33, '少許'),
(154, 36, '3顆'),
(154, 213, '少許'),
(155, 12, '2顆'),
(155, 42, '3顆'),
(155, 87, '90克'),
(155, 128, '180克'),
(156, 11, '60克'),
(156, 12, '2顆'),
(156, 87, '1瓶'),
(156, 106, '30克'),
(157, 32, '適量'),
(157, 55, '適量'),
(157, 214, '3條'),
(158, 215, '1份'),
(158, 216, '1條'),
(158, 217, '1片'),
(158, 218, '1包'),
(159, 9, '適量'),
(159, 43, '適量'),
(159, 59, '1盒'),
(159, 80, '1顆'),
(160, 9, '適量'),
(160, 12, '2顆'),
(160, 22, '10片'),
(160, 59, '70g'),
(161, 9, '適量'),
(161, 12, '3顆'),
(161, 64, '隨意'),
(161, 203, '35g'),
(162, 23, '隨意'),
(162, 59, '隨意'),
(163, 11, '50g'),
(163, 12, '2顆'),
(163, 87, '60g'),
(163, 93, '180g'),
(163, 190, '5片'),
(164, 1, '3碗'),
(164, 11, '1匙'),
(164, 23, '3片'),
(164, 31, '少許'),
(164, 32, '1匙'),
(164, 46, '1份'),
(164, 48, '1匙'),
(164, 113, '1把'),
(164, 149, '1匙'),
(164, 198, '1匙'),
(165, 7, '適量'),
(165, 8, '1根'),
(165, 9, '少許'),
(165, 23, '4-5瓣'),
(165, 27, '少許'),
(165, 48, '適量'),
(165, 59, '365克'),
(166, 1, '1000cc'),
(166, 9, '適量'),
(166, 55, '1片'),
(166, 59, '1隻'),
(166, 91, '5朵'),
(167, 1, '30ml'),
(167, 3, '100克'),
(167, 8, '少許'),
(167, 22, '1碗'),
(167, 23, '5片'),
(167, 27, '少許'),
(167, 32, '15ml'),
(167, 55, '少許'),
(168, 1, '30cc'),
(168, 32, '30cc'),
(168, 59, '2片'),
(168, 219, '半個'),
(169, 1, '2/3鍋'),
(169, 9, '適量'),
(169, 18, '半顆'),
(169, 29, '1條'),
(169, 54, '適量'),
(169, 68, '適量'),
(169, 220, '半條'),
(169, 221, '5-7顆'),
(170, 1, '2碗'),
(170, 23, '5片'),
(170, 31, '1匙'),
(170, 222, '1把'),
(170, 223, '1.5匙'),
(171, 2, '3-4根'),
(171, 9, '適量'),
(171, 12, '1顆'),
(171, 25, '適量'),
(171, 51, '適量'),
(171, 55, '適量'),
(171, 89, '適量'),
(172, 1, '1/2杯'),
(172, 9, '適量'),
(172, 82, '適量'),
(172, 224, '1份'),
(173, 31, '1/5米杯'),
(173, 32, '1/3米杯'),
(173, 33, '少許'),
(173, 66, '1-2片'),
(173, 84, '適量'),
(174, 9, '1/2小匙'),
(174, 55, '5-6片'),
(174, 60, '1條'),
(174, 70, '1大匙'),
(174, 225, '一些'),
(175, 9, '1匙'),
(175, 147, '250克'),
(175, 226, '1塊'),
(176, 17, '1杯'),
(176, 23, '2顆'),
(176, 175, '適量'),
(176, 227, '3支'),
(177, 223, '1小匙'),
(177, 228, '半條'),
(177, 229, '6片'),
(177, 231, '適量'),
(178, 11, '40g'),
(178, 87, '10-20g'),
(178, 162, '110g'),
(178, 230, '200g'),
(179, 9, '少許'),
(179, 91, '3朵'),
(179, 223, '少許'),
(179, 232, '3束'),
(180, 9, '少許'),
(180, 137, '一隻'),
(180, 228, '半條'),
(180, 229, '3.5片'),
(180, 233, '半把'),
(181, 9, '1大匙'),
(181, 11, '1大匙'),
(181, 23, '6顆'),
(181, 31, '1杯'),
(181, 53, '1小匙'),
(181, 72, '1塊'),
(181, 82, '1大匙'),
(182, 8, '1/2根'),
(182, 23, '3顆'),
(182, 51, '適量'),
(182, 223, '1匙'),
(182, 234, '適量'),
(183, 12, '4顆'),
(183, 81, '2顆'),
(183, 235, '2顆'),
(184, 9, '1匙'),
(184, 167, '半斤'),
(184, 187, '1匙'),
(184, 228, '半條'),
(185, 1, '80c.c.'),
(185, 8, '1/2根'),
(185, 9, '1/2匙'),
(185, 12, '3個'),
(185, 55, '10克'),
(185, 60, '1條'),
(186, 228, '1根'),
(186, 236, '1盒'),
(187, 1, '2湯匙'),
(187, 7, '適量'),
(187, 32, '1匙'),
(187, 68, '1小匙'),
(187, 79, '50g'),
(187, 237, '15g'),
(188, 2, '4片'),
(188, 45, '10枝'),
(189, 7, '少許'),
(189, 12, '3顆'),
(189, 18, '1/4顆'),
(189, 20, '1顆'),
(190, 1, '1碗'),
(190, 4, '2匙'),
(190, 31, '1匙'),
(190, 55, '3片'),
(190, 149, '4匙'),
(190, 169, '2片'),
(190, 223, '1匙'),
(190, 238, '1塊'),
(191, 7, '適量'),
(191, 9, '適量'),
(191, 12, '1顆'),
(191, 106, '2大湯匙'),
(191, 183, '適量'),
(192, 31, '1碗'),
(192, 55, '6片'),
(192, 64, '10隻'),
(192, 70, '2大匙'),
(192, 225, '適量'),
(193, 55, '少許'),
(193, 73, '少許'),
(193, 212, '2斤'),
(194, 10, '適量'),
(194, 20, '1-2顆'),
(194, 71, '2個'),
(194, 172, '1支'),
(195, 7, '2根'),
(195, 9, '3匙'),
(195, 55, '2片'),
(195, 56, '3根'),
(195, 209, '1隻'),
(195, 239, '1匙'),
(195, 240, '5片'),
(196, 1, '1杯'),
(196, 3, '180g'),
(196, 18, '1/4顆'),
(196, 32, '1/3大杯'),
(197, 1, '60g'),
(197, 11, '60g'),
(197, 12, '4顆'),
(197, 87, '300g'),
(198, 9, '少許'),
(198, 34, '140g'),
(198, 87, '80ml'),
(198, 101, '50g'),
(198, 106, '100g'),
(199, 1, '300c.c.'),
(199, 7, '2枝'),
(199, 55, '4片'),
(199, 56, '2顆'),
(199, 72, '1條'),
(199, 198, '200c.c.'),
(199, 241, '200c.c.'),
(200, 3, '1斤'),
(200, 7, '1支'),
(200, 31, '2湯匙'),
(200, 38, '3湯匙'),
(200, 226, '2塊'),
(201, 9, '酌量'),
(201, 22, '酌量'),
(201, 28, '1盒'),
(201, 33, '1.5大匙'),
(201, 55, '1塊'),
(201, 82, '酌量'),
(202, 1, '10'),
(202, 11, '8匙'),
(202, 31, '3匙'),
(202, 32, '4匙'),
(202, 178, '4匙'),
(202, 242, '2片'),
(203, 30, '適量'),
(203, 81, '適量'),
(203, 243, '適量'),
(204, 1, '1大匙'),
(204, 7, '1支'),
(204, 23, '適量'),
(204, 31, '2大匙'),
(204, 32, '2大匙'),
(204, 58, '2大匙'),
(204, 132, '2大匙'),
(204, 242, '1片'),
(205, 7, '4根'),
(205, 12, '1顆'),
(205, 91, '3朵'),
(205, 106, '1碗'),
(205, 244, '1份'),
(206, 7, '1株'),
(206, 9, '適量'),
(206, 31, '1匙'),
(206, 54, '適量'),
(206, 55, '適量'),
(206, 242, '4片'),
(206, 245, '2匙'),
(207, 9, '適量'),
(207, 12, '3顆'),
(207, 33, '1大匙'),
(207, 87, '1大匙'),
(207, 261, '50g'),
(208, 7, '2支'),
(208, 9, '少許'),
(208, 23, '2瓣'),
(208, 33, '1大匙'),
(208, 63, '1大匙'),
(208, 171, '1盒'),
(209, 24, '50克'),
(209, 203, '100克'),
(209, 246, '10克'),
(210, 23, '3瓣'),
(210, 31, '1湯匙'),
(210, 32, '半杯米'),
(210, 55, '3-5片'),
(210, 61, '1斤'),
(211, 9, '少許'),
(211, 167, '8塊'),
(211, 243, '1根'),
(212, 7, '適量'),
(212, 17, '1杯'),
(212, 55, '2片'),
(212, 61, '1包'),
(212, 242, '1/2片'),
(213, 9, '1茶匙'),
(213, 33, '1大匙'),
(213, 91, '4個'),
(213, 247, '50g'),
(214, 9, '1/2匙'),
(214, 11, '2匙'),
(214, 31, '2匙'),
(214, 32, '3匙'),
(214, 82, '適量'),
(214, 248, '10隻'),
(215, 9, '適量'),
(215, 12, '2顆'),
(215, 23, '3瓣'),
(215, 25, '適量'),
(215, 31, '2湯匙'),
(215, 64, '1斤'),
(215, 68, '幾滴'),
(215, 82, '適量'),
(216, 1, '6分'),
(216, 2, '1把'),
(216, 9, '適量'),
(216, 23, '3顆'),
(216, 25, '1/4根'),
(216, 31, '1大匙'),
(216, 50, '1根'),
(217, 7, '1小段'),
(217, 12, '1顆'),
(217, 20, '2顆'),
(217, 59, '3塊'),
(218, 43, '適量'),
(218, 92, '1片'),
(218, 105, '1片'),
(219, 9, '少許'),
(219, 10, '1包'),
(219, 28, '1盒'),
(219, 82, '少許'),
(220, 12, '1顆'),
(220, 104, '1根'),
(220, 106, '40g'),
(221, 17, '2公斤'),
(221, 72, '1公斤'),
(221, 81, '30顆'),
(221, 91, '60朵'),
(221, 249, '1包'),
(222, 11, '適量'),
(222, 38, '半罐'),
(222, 87, '適量'),
(222, 106, '適量'),
(223, 7, '適量'),
(223, 17, '1碗'),
(223, 31, '些許'),
(223, 50, '2根'),
(223, 206, '半塊'),
(224, 7, '少許'),
(224, 31, '100ml'),
(224, 32, '5-10ml'),
(224, 33, '1.5匙'),
(224, 61, '1包'),
(224, 63, '15g'),
(225, 8, '1條'),
(225, 9, '少許'),
(225, 23, '2瓣'),
(225, 78, '半顆'),
(225, 94, '1小把'),
(225, 105, '數片切條'),
(226, 8, '1條'),
(226, 30, '2把'),
(226, 32, '4匙'),
(226, 68, '2匙'),
(226, 73, '3匙'),
(226, 76, '50克'),
(227, 12, '1顆'),
(227, 40, '1盒'),
(227, 106, '適量'),
(228, 12, '數顆'),
(228, 63, '少許'),
(228, 87, '少許'),
(228, 92, '數片'),
(229, 11, '30g'),
(229, 106, '120g'),
(229, 250, '45g'),
(229, 251, '30g'),
(230, 12, '1顆'),
(230, 18, '半顆'),
(230, 40, '2塊'),
(230, 66, '1盒'),
(230, 78, '適量'),
(231, 1, '150ml'),
(231, 12, '1顆'),
(231, 48, '35克'),
(231, 162, '80克'),
(231, 197, '少許'),
(231, 252, '15顆'),
(231, 253, '適量'),
(232, 4, '1大匙'),
(232, 178, '2大匙'),
(232, 179, '1盒'),
(233, 12, '1顆'),
(233, 16, '適量'),
(233, 33, '35cc'),
(233, 128, '200g'),
(234, 12, '1顆'),
(234, 17, '4碗'),
(234, 18, '1/3顆'),
(234, 32, '1匙'),
(234, 254, '100克'),
(235, 1, '2碗'),
(235, 9, '適量'),
(235, 23, '適量'),
(235, 25, '適量'),
(235, 255, '1把'),
(236, 23, '適量'),
(236, 33, '適量'),
(236, 60, '1條'),
(236, 225, '5-6粒'),
(236, 233, '1小把'),
(237, 1, '8分滿'),
(237, 8, '1條'),
(237, 9, '1/2匙'),
(237, 23, '3顆'),
(237, 35, '2顆'),
(237, 262, '1匙'),
(238, 34, '少許'),
(238, 87, '適量'),
(238, 256, '1/3顆'),
(238, 257, '1份'),
(239, 11, '少許'),
(239, 92, '數片'),
(239, 101, '少許'),
(240, 12, '3顆'),
(240, 106, '適量'),
(240, 113, '1把'),
(241, 1, '60克'),
(241, 11, '適量'),
(241, 14, '20克'),
(241, 21, '1/2顆'),
(242, 49, '100g'),
(242, 87, '250g'),
(242, 101, '20g'),
(242, 258, '25g'),
(243, 10, '1片'),
(243, 63, '1大匙'),
(243, 92, '2片'),
(244, 9, '0.5小匙'),
(244, 23, '2顆'),
(244, 29, '1盒'),
(244, 91, '5朵'),
(244, 223, '0.5小匙'),
(245, 7, '1把'),
(245, 40, '2盒'),
(245, 81, '4顆'),
(245, 106, '少許'),
(246, 12, '4顆'),
(246, 28, '1盒'),
(246, 126, '少許'),
(246, 259, '少許'),
(247, 82, '酌量'),
(247, 233, '1小包'),
(247, 260, '1碗'),
(248, 7, '適量'),
(248, 31, '少許'),
(248, 32, '少許'),
(248, 55, '少許'),
(248, 72, '1條'),
(249, 10, '5-6片'),
(249, 12, '2顆'),
(249, 52, '30片'),
(249, 106, '適量'),
(249, 123, '適量'),
(250, 12, '4顆'),
(250, 87, '20克'),
(250, 106, '20克'),
(251, 1, '50cc'),
(251, 28, '1盒'),
(251, 32, '50cc'),
(251, 58, '50cc'),
(251, 78, '5片'),
(251, 219, '250g'),
(252, 101, '20克'),
(252, 263, '65克'),
(253, 7, '2支'),
(253, 9, '少許'),
(253, 55, '半塊'),
(253, 137, '200克'),
(253, 228, '1條'),
(254, 1, '1.5碗'),
(254, 7, '8根'),
(254, 9, '少許'),
(254, 79, '1份'),
(254, 232, '1把'),
(254, 264, '1把'),
(255, 11, '120克'),
(255, 51, '30克'),
(255, 106, '100克'),
(255, 265, '40克'),
(255, 267, '3克'),
(255, 268, '少許'),
(255, 269, '70克'),
(255, 270, '140克'),
(255, 272, '2克'),
(256, 9, '3/4茶匙'),
(256, 11, '1茶匙'),
(256, 32, '1湯匙'),
(256, 68, '1茶匙'),
(256, 139, '1茶匙'),
(256, 185, '1茶匙'),
(256, 228, '300克'),
(257, 3, '200克'),
(257, 11, '1匙'),
(257, 32, '1.5匙'),
(257, 55, '2匙'),
(257, 198, '3.5匙'),
(258, 29, '1包'),
(258, 66, '1份'),
(258, 76, '3片'),
(258, 103, '2根'),
(258, 233, '1包'),
(259, 7, '4根'),
(259, 31, '1匙'),
(259, 32, '1匙'),
(259, 55, '1顆'),
(259, 273, '1條'),
(260, 9, '適量'),
(260, 167, '1盒'),
(260, 228, '1條'),
(261, 7, '一支'),
(261, 50, '中型5朵'),
(261, 204, '一包'),
(262, 9, '適量'),
(262, 31, '30c.c.'),
(262, 55, '5片'),
(262, 274, '2片'),
(263, 9, '1匙'),
(263, 55, '1匙'),
(263, 206, '1條'),
(264, 9, '適量'),
(264, 275, '1顆'),
(265, 7, '適量'),
(265, 9, '少許'),
(265, 12, '2顆'),
(265, 25, '適量'),
(265, 54, '少許'),
(265, 66, '一片'),
(265, 106, '適量'),
(266, 11, '1大匙'),
(266, 87, '5大匙'),
(266, 129, '1盒'),
(266, 276, '2大匙'),
(267, 12, '3顆'),
(267, 40, '1塊'),
(267, 60, '2顆'),
(267, 229, '1片'),
(267, 277, '5顆'),
(267, 278, '適量'),
(268, 18, '1顆'),
(268, 20, '2顆'),
(268, 21, '2顆'),
(268, 103, '2根'),
(268, 175, '1條'),
(268, 253, '250克'),
(269, 9, '1克'),
(269, 11, '15克'),
(269, 24, '100克'),
(269, 106, '150克'),
(269, 250, '42克'),
(270, 9, '酌量'),
(270, 137, '一份'),
(270, 225, '兩小匙'),
(270, 279, '一小把'),
(271, 11, '70克'),
(271, 14, '8克'),
(271, 63, '400c.c.'),
(271, 87, '400c.c.'),
(271, 280, '300克'),
(272, 7, '2支'),
(272, 12, '2顆'),
(272, 17, '5碗'),
(272, 281, '200克'),
(273, 92, '2片'),
(273, 104, '半根'),
(273, 282, '適量'),
(274, 1, '200ml'),
(274, 44, '1顆'),
(274, 87, '2ml'),
(274, 283, '1顆'),
(275, 7, '適量'),
(275, 8, '適量'),
(275, 9, '適量'),
(275, 18, '適量'),
(275, 23, '適量'),
(275, 32, '適量'),
(275, 149, '適量'),
(275, 284, '2塊'),
(276, 11, '少許'),
(276, 12, '2顆'),
(276, 34, '少許'),
(276, 63, '少許'),
(276, 87, '4碗'),
(276, 128, '1碗'),
(276, 142, '少許'),
(277, 87, '350克'),
(277, 285, '45克'),
(277, 286, '8克'),
(278, 16, '9克'),
(278, 87, '350克'),
(278, 285, '45克'),
(279, 11, '60克'),
(279, 101, '65克'),
(279, 106, '35克'),
(279, 283, '3顆'),
(280, 11, '80克'),
(280, 12, '2顆'),
(280, 63, '50克'),
(280, 104, '2根'),
(280, 128, '200克'),
(281, 11, '少量'),
(281, 166, '1/5顆'),
(281, 287, '少量'),
(282, 18, '1顆'),
(282, 20, '適量'),
(282, 35, '適量'),
(282, 116, '適量'),
(283, 1, '1公升'),
(283, 130, '4片'),
(283, 131, '1包'),
(284, 9, '少許'),
(284, 23, '3瓣'),
(284, 32, '1.5大匙'),
(284, 66, '1.5付'),
(284, 162, '少許'),
(284, 228, '1條'),
(285, 9, '適量'),
(285, 30, '1/2把'),
(285, 38, '1條'),
(285, 55, '適量'),
(285, 68, '適量'),
(285, 143, '1/2塊'),
(285, 183, '1條'),
(286, 7, '2根'),
(286, 137, '1隻'),
(287, 9, '1匙'),
(287, 27, '少許'),
(287, 55, '適量'),
(287, 68, '2滴'),
(287, 136, '少許'),
(287, 288, '適量'),
(288, 1, '適量'),
(288, 42, '適量'),
(288, 164, '250克'),
(289, 11, '少許'),
(289, 190, '6片'),
(289, 283, '1顆'),
(290, 11, '25克'),
(290, 12, '1顆'),
(290, 17, '50克'),
(290, 87, '300克'),
(290, 101, '45克'),
(290, 289, '適量'),
(291, 12, '6顆'),
(291, 24, '2根'),
(291, 29, '10根'),
(291, 50, '1根'),
(291, 54, '少許'),
(291, 105, '6片'),
(291, 271, '3匙'),
(291, 290, '2匙'),
(292, 1, '125c.c.'),
(292, 9, '1/4匙'),
(292, 11, '1匙'),
(292, 12, '1/2顆'),
(292, 51, '1匙'),
(292, 106, '110克'),
(293, 7, '2根'),
(293, 9, '適量'),
(293, 23, '5顆'),
(293, 55, '5片'),
(293, 59, '1隻'),
(293, 198, '1罐'),
(294, 11, '150克'),
(294, 12, '3顆'),
(294, 21, '1/2顆'),
(294, 101, '150克'),
(294, 106, '150克'),
(294, 291, '1/2顆'),
(295, 11, '1/4杯'),
(295, 63, '3/4杯'),
(295, 106, '2杯'),
(296, 11, '20克'),
(296, 63, '50克'),
(296, 106, '120克'),
(296, 121, '20克'),
(296, 219, '60克'),
(297, 11, '適量'),
(297, 87, '700ml'),
(297, 200, '1顆'),
(298, 6, '350g'),
(298, 9, '1/4茶匙'),
(298, 31, '300cc'),
(298, 55, '20g'),
(298, 58, '100g'),
(298, 70, '1大匙'),
(298, 225, '5g'),
(299, 1, '220g'),
(299, 7, '3支'),
(299, 9, '適量'),
(299, 70, '1/2大匙'),
(299, 106, '200斤'),
(299, 126, '1大匙'),
(299, 177, '100g'),
(300, 10, '2片'),
(300, 12, '2顆'),
(300, 292, '2根'),
(300, 293, '2片');

-- --------------------------------------------------------

--
-- 資料表結構 `國家健康標準`
--

CREATE TABLE `國家健康標準` (
  `年齡應攝取量` varchar(10) NOT NULL,
  `全榖雜糧類` int(3) NOT NULL,
  `豆魚肉蛋類` int(3) NOT NULL,
  `乳品類` int(3) NOT NULL,
  `蔬菜類` int(3) NOT NULL,
  `水果類` int(3) NOT NULL,
  `油脂與堅果種子類` int(3) NOT NULL,
  `其他類` int(3) DEFAULT NULL
) ENGINE=InnoDB DEFAULT CHARSET=utf8;

--
-- 傾印資料表的資料 `國家健康標準`
--

INSERT INTO `國家健康標準` (`年齡應攝取量`, `全榖雜糧類`, `豆魚肉蛋類`, `乳品類`, `蔬菜類`, `水果類`, `油脂與堅果種子類`, `其他類`) VALUES
('壯年應攝取量', 550, 550, 420, 400, 300, 60, NULL),
('幼年應攝取量', 450, 300, 480, 250, 200, 45, NULL),
('老年應攝取量', 550, 500, 360, 350, 275, 50, NULL),
('青少年應攝取量', 750, 800, 420, 450, 350, 65, NULL);

-- --------------------------------------------------------

--
-- 資料表結構 `帳密`
--

CREATE TABLE `帳密` (
  `帳號` varchar(10) NOT NULL,
  `密碼` varchar(50) NOT NULL
) ENGINE=InnoDB DEFAULT CHARSET=utf8;

-- --------------------------------------------------------

--
-- 資料表結構 `運動`
--

CREATE TABLE `運動` (
  `運動方式` varchar(5) NOT NULL,
  `消耗熱量` double NOT NULL
) ENGINE=InnoDB DEFAULT CHARSET=utf8;

--
-- 傾印資料表的資料 `運動`
--

INSERT INTO `運動` (`運動方式`, `消耗熱量`) VALUES
('乒乓球', 4.2),
('保齡球', 3.6),
('太極拳', 4.2),
('快走', 5.5),
('快跑', 16.8),
('慢走', 3.5),
('慢跑', 8.2),
('排球', 3.6),
('有氧舞蹈', 6.8),
('棒壘球', 4.7),
('游泳', 10),
('溜直排輪', 5.1),
('瑜珈', 3),
('籃球', 8.3),
('網球', 6.6),
('羽毛球', 5.1),
('足球', 7.7),
('跳繩', 8.4),
('跳舞', 5.3),
('騎腳踏車', 8.4),
('高爾夫', 5);

-- --------------------------------------------------------

--
-- 資料表結構 `食材`
--

CREATE TABLE `食材` (
  `食材編碼` int(5) NOT NULL,
  `食材` varchar(10) NOT NULL,
  `食材類型` varchar(10) NOT NULL
) ENGINE=InnoDB DEFAULT CHARSET=utf8;

--
-- 傾印資料表的資料 `食材`
--

INSERT INTO `食材` (`食材編碼`, `食材`, `食材類型`) VALUES
(1, '水', '其他類'),
(2, '四季豆', '蔬菜類'),
(3, '豬絞肉', '豆魚肉蛋類'),
(4, '辣椒醬', '油脂與堅果種子類'),
(5, '皎白筍', '蔬菜類'),
(6, '松阪豬', '豆魚肉蛋類'),
(7, '蔥', '蔬菜類'),
(8, '辣椒', '蔬菜類'),
(9, '鹽', '其他類'),
(10, '起司', '乳品類'),
(11, '砂糖', '其他類'),
(12, '蛋', '豆魚肉蛋類'),
(13, '動物性鮮奶油', '油脂與堅果種子類'),
(14, '吉利丁片', '其他類'),
(15, '咖啡酒', '其他類'),
(16, '可可粉', '全榖雜糧類'),
(17, '米', '全榖雜糧類'),
(18, '洋蔥', '蔬菜類'),
(19, '鮪魚罐頭', '豆魚肉蛋類'),
(20, '番茄', '蔬菜類'),
(21, '檸檬', '水果類'),
(22, '九層塔', '蔬菜類'),
(23, '蒜頭', '蔬菜類'),
(24, '馬鈴薯', '全榖雜糧類'),
(25, '紅蘿蔔', '蔬菜類'),
(26, '美乃滋', '其他類'),
(27, '胡椒', '其他類'),
(28, '梅花豬', '豆魚肉蛋類'),
(29, '玉米筍', '蔬菜類'),
(30, '香菜', '蔬菜類'),
(31, '米酒', '其他類'),
(32, '醬油', '油脂與堅果種子類'),
(33, '橄欖油', '油脂與堅果種子類'),
(34, '蜂蜜', '油脂與堅果種子類'),
(35, '花椰菜', '蔬菜類'),
(36, '甜椒', '蔬菜類'),
(37, '葡萄乾', '油脂與堅果種子類'),
(38, '玉米罐頭', '蔬菜類'),
(39, '白蝦', '豆魚肉蛋類'),
(40, '豆腐', '豆魚肉蛋類'),
(41, '木薯粉', '全榖雜糧類'),
(42, '巧克力', '其他類'),
(43, '鳳梨', '水果類'),
(44, '芒果', '水果類'),
(45, '奇異果', '水果類'),
(46, '牛肉絲', '豆魚肉蛋類'),
(47, '青椒', '蔬菜類'),
(48, '太白粉', '其他類'),
(49, '綠豆', '豆魚肉蛋類'),
(50, '杏飽菇', '蔬菜'),
(51, '沙拉油', '油脂與堅果種子類'),
(52, '里肌豬', '豆魚肉蛋類'),
(53, '五香粉', '其他類'),
(54, '胡椒粉', '其他類'),
(55, '薑', '蔬菜類'),
(56, '八角', '其他類'),
(57, '飛魚乾', '豆魚肉蛋類'),
(58, '味琳', '其他類'),
(59, '無骨雞腿排', '豆魚肉蛋類'),
(60, '絲瓜', '蔬菜類'),
(61, '蛤蜊', '豆魚肉蛋類'),
(62, '昆布粉', '其他類'),
(63, '奶油', '乳品類'),
(64, '大白蝦', '豆魚肉蛋類'),
(65, '黑胡椒蒜味鹽', '其他類'),
(66, '雞胸肉', '豆魚肉蛋類'),
(67, '烏醋', '油脂與堅果種子類'),
(68, '香油', '油脂與堅果種子類'),
(69, '玉米粉', '其他類'),
(70, '麻油', '其他類'),
(71, '茄子', '蔬菜類'),
(72, '五花肉', '豆魚肉蛋類'),
(73, '醋', '油脂與堅果種子類'),
(74, '瓜仔', '蔬菜類'),
(75, '空心菜', '蔬菜類'),
(76, '木耳', '蔬菜類'),
(77, '紅蘿蔔絲', '蔬菜類'),
(78, '高麗菜', '蔬菜類'),
(79, '雞蛋麵條', '全榖雜糧類'),
(80, '苦瓜', '蔬菜類'),
(81, '鴨蛋', '豆魚肉蛋類'),
(82, '黑胡椒粉', '其他類'),
(83, '海苔穌', '其他類'),
(84, '海苔片', '蔬菜類'),
(85, '肉鬆', '豆魚肉蛋類'),
(86, '面帕粄條', '全榖雜糧類'),
(87, '牛奶', '乳品類'),
(88, '牛肉', '豆魚肉蛋類'),
(89, '義式香料', '其他類'),
(90, '沙茶醬', '其他類'),
(91, '香菇', '其他類 '),
(92, '吐司', '全榖雜糧類'),
(93, '玫瑰鹽', '其他類'),
(94, '蝦米', '豆魚肉蛋類'),
(95, '紅蔥酥', '其他類'),
(96, '素香鬆', '其他類'),
(97, '香菇素蠔油', '油脂與堅果種子類'),
(98, '無花果', '全榖雜糧類'),
(99, '麥片', '全榖雜糧類'),
(100, '穀物麥片', '全榖雜糧類'),
(101, '無鹽奶油', '奶類'),
(102, '香椿捲餅', '全榖雜糧類'),
(103, '小黃瓜', '蔬菜類'),
(104, '香蕉', '水果類'),
(105, '培根', '豆魚肉蛋類'),
(106, '低筋麵粉', '全榖雜糧類'),
(107, '檸檬皮屑', '其他類'),
(108, '檸檬汁', '其他類'),
(109, '蛋餅皮', '全榖雜糧類'),
(110, '豆干', '豆魚肉蛋類'),
(111, '萊姆酒', '其他類'),
(112, '檸檬巧克力', '其他類'),
(113, '韭菜花', '蔬菜類'),
(114, '辣蘿蔔乾', '蔬菜類'),
(115, '油菜', '蔬菜類'),
(116, '羊肉片', '豆魚肉蛋類'),
(117, '純植物奶油', '乳品類 '),
(118, '黑糖粉', '其他類'),
(119, '鳳梨罐頭', '水果類'),
(120, '鈕扣苦甜巧克力', '其他類'),
(121, '杏仁片', '其他類'),
(122, '菜心', '蔬菜類'),
(123, '麵包粉', '全榖雜糧類'),
(124, '餃子皮', '全榖雜糧類'),
(125, '櫻花蝦', '豆魚肉蛋類'),
(126, '白芝麻', '全榖雜糧類'),
(127, '蓮藕', '全榖雜糧類食物'),
(128, '鬆餅粉', '全榖雜糧類'),
(129, '嫩豆腐', '豆魚肉蛋類'),
(130, '昆布', '蔬菜類'),
(131, '柴魚片', '豆魚肉蛋類'),
(132, '味噌', '豆魚肉蛋類'),
(133, '甜麵醬', '其他類'),
(134, '日本大根', '蔬菜類'),
(135, '魷魚', '豆魚肉蛋類'),
(136, '芹菜', '蔬菜類'),
(137, '雞腿肉', '豆魚肉蛋類'),
(138, '紅茶包', '其他類'),
(139, '冰糖', '其他類'),
(140, '起司粉', '乳品類'),
(141, '羅勒', '蔬菜類'),
(142, '草莓', '水果類'),
(143, '高湯粉', '其他類'),
(144, '義大利麵醬', '其他類'),
(145, '焗烤起司', '乳品類'),
(146, '花枝丸', '豆魚肉蛋類'),
(147, '菠菜', '蔬菜類'),
(148, '迷迭香', '其他類'),
(149, '豆瓣醬', '油脂與堅果種子類'),
(150, '火龍果泥', '水果類'),
(151, '鱈魚', '豆魚肉蛋類'),
(152, '秋刀魚', '豆魚肉蛋類'),
(153, '番茄醬', '其他類'),
(154, '紅酒', '其他類'),
(155, '咖哩塊', '其他類'),
(156, '黑芝麻', '全榖雜糧類'),
(157, '牛排', '豆魚肉蛋類'),
(158, '嫩肉粉', '其他類'),
(159, '胛心肉', '豆魚肉蛋類'),
(160, '雞粉', '其他類'),
(161, '紅麴米', '全榖雜糧類'),
(162, '地瓜粉', '全榖雜糧類'),
(163, '黃豆粉', '豆魚肉蛋類'),
(164, '糯米粉', '全榖雜糧類'),
(165, '紅豆沙', '豆魚肉蛋類'),
(166, '芋頭', '全榖雜糧類'),
(167, '排骨', '豆魚肉蛋類'),
(168, '蒜苗', '蔬菜類'),
(169, '酸菜', '蔬菜類'),
(170, '紅茶葉', '其他類'),
(171, '蘑菇', '其他類'),
(172, '節瓜', '蔬菜類'),
(173, '紅豆紫米', '豆魚肉蛋類'),
(174, '西谷米', '其他類'),
(175, '火腿', '豆魚肉蛋類'),
(176, '魚板', '豆魚肉蛋類'),
(177, '泡菜', '蔬菜類'),
(178, '醬油膏', '油脂與堅果種子類'),
(179, '雞蛋豆腐', '豆魚肉蛋類'),
(180, '花椒', '蔬菜類'),
(181, '米粉', '全榖雜糧類'),
(182, '辣油', '油脂與堅果種子類'),
(183, '白蘿蔔', '蔬菜類'),
(184, '三層肉', '豆魚肉蛋類'),
(185, '辣椒粉', '其他類'),
(186, '螃蟹', '豆魚肉蛋類'),
(187, '味精', '其他類'),
(188, '煎餅粉', '其他類'),
(189, '咖啡粉', '其他類'),
(190, '起酥皮', '全榖雜糧類'),
(191, '銀耳', '蔬菜類'),
(192, '燕麥片', '全榖雜糧類'),
(193, '沙拉醬', '其他類'),
(194, '海帶芽', '蔬菜類'),
(195, '薑末', '蔬菜類'),
(196, '柚子茶醬', '其他類'),
(197, '小白菜', '蔬菜類'),
(198, '酒', '其他類'),
(199, '烏龍麵', '全榖雜糧類'),
(200, '木瓜', '水果類'),
(201, '鰹魚醬油露', '油脂與堅果種子類'),
(202, '小松菜', '蔬菜類'),
(203, '優格', '其他類'),
(204, '鴻禧菇', '蔬菜類'),
(205, '肉燥', '豆魚肉蛋類'),
(206, '鮭魚', '豆魚肉蛋類'),
(207, '魚下巴', '豆魚肉蛋類'),
(208, '魚卵', '豆魚肉蛋類'),
(209, '鴨肉', '豆魚肉蛋類'),
(210, '烏魚胗', '豆魚肉蛋類'),
(211, '黃豆醬', '其他類'),
(212, '大腸', '豆魚肉蛋類'),
(213, '紅酒醋', '油脂與堅果種子類'),
(214, '麵腸', '全榖雜糧類'),
(215, '拉麵', '全榖雜糧類'),
(216, '筍乾', '蔬菜類'),
(217, '叉燒肉', '豆魚肉蛋類'),
(218, '豚骨湯包', '其他類'),
(219, '南瓜', '蔬菜類'),
(220, '菜頭', '蔬菜類'),
(221, '貢丸', '豆魚肉蛋類'),
(222, '地瓜葉', '蔬菜類'),
(223, '鮮味炒手', '其他類'),
(224, '豆芽菜', '蔬菜類'),
(225, '枸杞', '其他類'),
(226, '豆腐乳', '豆魚肉蛋類'),
(227, '青菜', '蔬菜類'),
(228, '大黃瓜', '蔬菜類'),
(229, '薑片', '蔬菜類'),
(230, '地瓜', '蔬菜類'),
(231, '蔥花', '蔬菜類'),
(232, '青江菜', '蔬菜類'),
(233, '金針菇', '蔬菜類'),
(234, '雪裡紅', '蔬菜類'),
(235, '皮蛋', '豆魚肉蛋類'),
(236, '豬枝骨', '豆魚肉蛋類'),
(237, '花生醬', '其他類'),
(238, '豬血', '豆魚肉蛋類'),
(239, '花椒粒', '其他類'),
(240, '月桂葉', '蔬菜類'),
(241, '可樂', '其他類'),
(242, '鯛魚', '豆魚肉蛋類'),
(243, '筍子', '蔬菜類'),
(244, '豆渣', '豆魚肉蛋類'),
(245, '樹蔭子', '蔬菜類'),
(246, '蘋果', '水果類'),
(247, '糯米椒', '蔬菜類'),
(248, '雞翅', '豆魚肉蛋類'),
(249, '油蔥酥', '其他類'),
(250, '植物油', '油脂與堅果種子類'),
(251, '黑芝麻醬', '其他類'),
(252, '牡蠣', '豆魚肉蛋類'),
(253, '甜辣醬', '其他類'),
(254, '毛豆', '蔬菜類'),
(255, '龍鬚菜', '蔬菜類'),
(256, '酪梨', '水果類'),
(257, '布丁', '其他類'),
(258, '煉乳', '乳品類'),
(259, '燒肉醬', '其他類'),
(260, '酥炸粉', '其他類'),
(261, '吻仔魚', '豆魚肉蛋類'),
(262, '豬油', '油脂與堅果種子類'),
(263, '消化餅乾', '其他類'),
(264, '開陽', '蔬菜類'),
(265, '桔子水', '其他類'),
(266, '香草粉', '其他類'),
(267, '泡打粉', '其他類'),
(268, '香草粉', '其他類'),
(269, '蛋黃', '豆魚肉蛋類'),
(270, '蛋白', '豆魚肉蛋類'),
(271, '油', '油脂與堅果種子類'),
(272, '塔塔粉', '其他類'),
(273, '金目鱸魚', '豆魚肉蛋類'),
(274, '比目魚', '豆魚肉蛋類'),
(275, '鮭魚頭', '豆魚肉蛋類'),
(276, '芝麻粉', '全榖雜糧類'),
(277, '餛飩', '豆魚肉蛋類'),
(278, '海帶絲', '蔬菜類'),
(279, '當歸', '其他類'),
(280, '藍莓', '水果類'),
(281, '鴨賞', '豆魚肉蛋類'),
(282, '巧克力醬', '其他類'),
(283, '蘋果', '水果類'),
(284, '鴨血', '豆魚肉蛋類'),
(285, '蒟蒻膠凍粉', '其他類'),
(286, '抹茶粉', '其他類'),
(287, '堅果', '油脂與堅果種子類'),
(288, '魚丸', '豆魚肉蛋類'),
(289, '肉桂粉', '其他類'),
(290, '雞湯粉', '其他類'),
(291, '柳橙', '水果類'),
(292, '德式香腸', '豆魚肉蛋類'),
(293, '蔥油餅', '其他類');

-- --------------------------------------------------------

--
-- 資料表結構 `食譜`
--

CREATE TABLE `食譜` (
  `菜名ID` int(5) NOT NULL,
  `菜名` varchar(15) NOT NULL,
  `熱量` double NOT NULL,
  `作法` varchar(500) NOT NULL
) ENGINE=InnoDB DEFAULT CHARSET=utf8;

--
-- 傾印資料表的資料 `食譜`
--

INSERT INTO `食譜` (`菜名ID`, `菜名`, `熱量`, `作法`) VALUES
(1, '辣炒四季豆', 112,  '1. 將豬絞肉加入一點醬油拌抓。\r\n2. 四季豆斜切段,洗淨後泡水備用。\r\n3. 豬絞肉與蒜蓉辣椒醬下鍋拌炒。\r\n4. 加入四季豆和些許水慢慢悶炒。\r\n5. 適時拌炒與攤開，至四季豆變成綠色。\r\n6. 完成上桌！'),
(2, '皎白筍炒松阪豬', 162,  '1. 熱油鍋拌炒松板豬（切絲），直到豬肉香氣出來且肉呈現白色。\r\n2. 加入皎白筍（滾刀切）拌炒，調味。\r\n3. 加水後蓋鍋悶五分鐘，此目的是要皎白筍軟化。\r\n4. 開蓋加入蔥段與辣椒拌炒1分鐘，即可起鍋。'),
(3, '提拉米蘇', 350,  '1. 咖啡酒可省略不放，或直接用咖啡，或單用萊姆酒。\r\n2. 蛋黃打散加入砂糖，打至糖化且蛋黃顏色變淡呈鵝黃色。\r\n3-1. 馬斯卡彭起司隔水融化。\r\n3-2. 稍降溫備用。\r\n4. 把打至鵝黃的蛋黃加入融化馬斯卡彭起司中，攪拌均勻。\r\n5-1. 吉利丁泡冰水，變軟後把水擠乾，隔水融化。\r\n5-2. 將融化的吉利丁加入起司蛋黃糊(邊加入邊快速攪拌，避免結塊)。\r\n6. 鮮奶油打至略硬(像融化的冰淇淋)。\r\n7. 將打發的鮮奶油分2次加入起司蛋黃糊拌勻。\r\n8-1. 手指餅乾泡咖啡酒(或在蛋糕片上刷上咖啡酒)\r\n8-2. 一層手指餅乾，一層起司糊。\r\n9. 最後在表面撒上無糖可可粉即完成。'),
(4, '番茄鮪魚飯', 122,  '1. 準備材料, 蔥切蔥花. 洋蔥切碎.番茄去蒂頭反面劃十字 備用\r\n2. 白米部分我使用台灣香米,香米帶有淡淡的芋頭香氣,很適合做炊飯\r\n3. 米洗淨後加進一米杯水, 洋蔥碎 和 番茄 使用飯鍋煮熟\r\n4. 飯煮好後,番茄把皮剝掉口感比較好 (請小心燙)\r\n5. 番茄去皮後和飯拌勻, 加上罐頭 鮪魚片'),
(5, '泰式打拋豬', 660, '豬絞肉用醬油醃過，靜置15分鐘\r\n番茄與四季豆切小丁，分開放\r\n蒜頭切末\r\n檸檬壓汁\r\n1.冷鍋加少許油，放入蒜末炒香（如果想吃辣，辣椒末跟蒜頭一起炒\r\n2. .加入番茄丁炒軟\r\n3. .加入豬絞肉炒香加入少許米酒，放入四季豆丁 \r\n4. .加入少許水（約8分滿的米杯）\r\n5. .四季豆炒熟後，加入九層塔和適量檸檬汁和鹽巴\r\n6. .另外煎荷包蛋，即可享用'),
(6, '和風馬鈴薯蛋沙拉', 135,  '1. 把食材切塊放進電鍋蒸熟（外鍋半杯水左右）\r\n2. 水煮蛋一顆煮熟後用叉子壓碎，馬鈴薯和紅蘿蔔也用大湯匙壓碎，全部混合在一起\r\n3. 灑上鹽和胡椒後攪拌，再加入日本美奶滋攪拌均勻（邊攪邊試味道，不夠鹹就再加點鹽）\r\n4. 完成'),
(7, '梅花豬肉溫沙拉', 166,  '1. 滾ㄧ鍋水加點米酒，將豬肉燙熟備用\r\n2. 玉米筍燙熟切塊，番茄切塊\r\n3. 將醬汁材料攪拌均勻\r\n4. 所有食材和醬汁全部拌勻，擺上香菜即可'),
(8, '檸香五色沙拉', 145, '食材放入混合前，要將泡過冰水的花椰菜，甜椒的水份瀝乾，擦乾，再切成小塊狀，玉米粒一樣要瀝乾水份\r\n1擠出半顆檸檬汁，放入70克沙拉醬中拌勻\r\n2. 水煮蛋煮熟後去殼，切成小塊（把蛋和冷水一起下鍋，水要淹過蛋，中火煮用15左右分鐘，取出泡冷水）\r\n3. 全部食材混合拌勻\r\n4. 灑上粗胡椒粒，增加香氣'),
(9, '涼拌水果蝦沙拉', 136,  '1. 白蝦去殼 加上鹽巴米酒白胡椒粉醃漬\r\n2. 鳳梨挖空 但不要挖破\r\n3. 將鳳梨果肉 其他水果及白煮蛋切小塊\r\n4. 豆腐切塊後與蝦子分別沾上蛋液 木薯粉\r\n5. 蝦子 豆腐入鍋小火煎熟後轉大火回鍋再煎炸一次逼出油脂'),
(10, '紅蘿蔔炒蛋', 168,  '1. 準備食材 → 紅蘿蔔切絲，蛋打成蛋液\r\n2. 起油鍋，倒入蛋液下鍋煎蛋\r\n3. 將蛋液煎至熟透後，盛盤備用\r\n4. 炒菜鍋清洗一下再度起油鍋，放入紅蘿蔔拌炒數下後，加入些許水悶煮約3分鐘\r\n5. 放入步驟三煎好的蛋並加入鹽，拌炒均勻即可起鍋。'),
(11, '青椒牛肉炒飯', 162,  '1. 準備食材 →醃肉：取空碗，裝牛肉絲 加醃牛肉絲的調味料 充分攪拌均勻 洋蔥去皮切細絲、青椒去籽切細絲 白飯撥鬆\r\n2. 起鍋 油3大匙 中大火 鍋熱 下牛肉絲 大火快炒 不停翻炒 牛肉絲一變色就快點取出\r\n3. 一鍋 油1大匙 中火 下洋蔥 鹽1/2小匙 拌炒 炒到洋蔥變色(有點變成透明) 直接下青椒 鹽1/2小匙 再拌炒約1分鐘 取出備用\r\n4. 同一鍋 油2大匙 中大火 下撥鬆的白飯 炒到米飯都沾到油(約1.5分鐘) 下洋蔥跟青椒 稍微拌炒一下，下牛肉絲 加醬油2至3大匙 快速拌炒均勻 試味道(不夠鹹可加一些鹽) '),
(12, '洋蔥炒彩椒', 64,  '1. 準備食材 → 準備食材，青椒與紅黃甜椒去蒂與籽，洋蔥去外皮與頭尾，清洗乾淨。\r\n2. 洋蔥、青椒與紅黃甜椒切塊狀。\r\n3. 起鍋，開中小火，倒入適量的油，放入洋蔥炒香至半透明狀。\r\n4. 轉中大火，放入青椒與紅黃甜椒，快速翻炒，至青椒轉綠，以鹽調味拌勻即可關火。\r\n5. 起鍋盛盤。'),
(13, '綠豆湯', 295,  '1. 將綠豆清洗3～4次，泡水1小時，泡好後水倒掉。\r\n2. 將浸泡好的綠豆1杯+水9杯（綠豆：水=1:9，水的份量可依喜好多一杯或減少），放置電鍋中外鍋1.5杯水，煮至跳起後燜20分鐘，倒入砂糖拌勻即可。'),
(14, '香煎杏飽菇', 78,  '1. 先把杏飽菇一分為二，並在表面上劃上斜刀《呈菱形狀》後，即可放入鍋內，油煎至金黃色《約1分鐘》，並立即灑上黑胡椒粒與鹽巴。\r\n2. 翻面後，再用油煎把另一面也煎至金黃色《約1分鐘》，再灑上黑胡椒粒與鹽巴。\r\n3. 不用3分鐘，就可簡單又快速的完成這道，好吃又香脆的下飯料理囉～～'),
(15, '滷排骨', 186,  '1. 豬排用刀背或肉鎚輕拍斷筋\r\n2. 將肉跟醃料抓和均勻後，密封放入冰箱醃製30分鐘\r\n3. 取一湯鍋放入少許油，將蔥薑蒜爆香（火要小，湯鍋易焦）\r\n4. 爆香後加入滷汁，煮至沸騰。（中小火）\r\n5. 沸騰後可加入個人喜歡的食材一起滷30分鐘。'),
(16, '飛魚炒飯', 236,  '1. 需將飛魚乾先燙過再撥出魚肉 同時準備洗米煮飯，兩杯米約3-4人份\r\n2. 冷水放入魚肉，煮約5-8分鐘\r\n3. 燙熟撈起後撥魚肉，可以大塊也可以細一些，視個人喜歡的口感\r\n4. 洋蔥切丁、蒜頭切末\r\n5. 熱油鍋，下蒜頭與洋蔥丁炒香'),
(17, '絲瓜蛤蜊', 45,  '1. 備料：蛤蜊泡水吐沙、薑切絲、絲瓜去皮切塊\r\n2. 爆香：熱鍋後放些許油及薑絲，加入絲瓜及米酒炒香\r\n3. 悶煮：加1/4米杯水蓋蓋悶5-10分鐘，直至絲瓜軟嫩，起鍋前加入蛤蜊悶1分鐘即可。'),
(18, '椒鹽雞腿排', 219,  '1. 首先我們將雞腿排皮朝下入鍋，煎至兩面金黃焦脆後，起鍋切塊備用。\r\n2. 接著用同一油鍋，爆香薑末、蒜末。\r\n3. 再來將步驟1的雞腿肉重新入鍋炒熟。\r\n4. 加入胡椒鹽調味。\r\n5. 最後依照喜好加入適量的青蔥、辣椒就完成了。'),
(19, '乾煎奶油蒜蝦', 182,  '1. 將蝦去殼、去腸泥後，加入適量的太白粉，搓揉一下，用水洗淨（用太白粉洗，可去除蝦的黏液，也可以讓蝦更白淨）後，瀝乾，加入適量的米酒、鹽、白胡椒粉抓醃一下備用\r\n2. 熱鍋，加入奶油\r\n3. 奶油融化後，加入蒜末炒香（火要小，不然奶油容易焦掉）\r\n4. 蒜頭香氣出來後，放入蝦子\r\n5. 將蝦子兩面煎至變色，蝦子就差不多熟了\r\n6. 將蝦子陳盤，撒上適量的黑胡椒蒜味鹽，就完成囉'),
(20, '蔥爆雞丁', 240,  '1. 雞胸洗淨擦乾；青蔥洗淨；青椒、甜椒去籽洗淨\r\n2. 雞胸片成厚薄一致，並用刀背略剁，這樣可以讓醃料更容易能入味，烹煮的時間也會ㄧ致\r\n3. 將雞胸肉切成等尺寸的塊丁，並用醃料抓勻\r\n4. 接著放入太白粉或玉米粉抓勻，這樣可以讓雞丁柔軟又好吃\r\n5. 洋蔥、青椒、甜椒切成與雞丁大小ㄧ致的塊狀；蒜拍扁去皮切末；蔥切段並將蔥白與蔥綠分開\r\n6. 炒鍋燒熱下約3湯匙的油，將雞丁入鍋煎炒\r\n7. 帶兩面都上色後，先將雞丁起鍋，油留鍋裡\r\n8. 原鍋餘油炒香洋蔥與蔥白\r\n9. 下蒜末拌炒出香味\r\n10. 下青椒、甜椒和少許鹽拌炒\r\n11. 雞丁回鍋，大火快炒\r\n12. 倒入少許醬油炒出醬香；試吃用鹽做調整\r\n13. 放入蔥綠，並用少許米酒延鍋邊倒入\r\n14. 起鍋前再來點鍋邊醋，讓味道更溶合；拌炒均勻後便可起鍋。'),
(21, '薑燒豬肉', 192,  '1. 將豬肉片放進碗公裡，抓一把鹽灑上，再撒進1/2匙米酒，再用筷子或手抓均勻。\r\n2. 熱油鍋將洋蔥絲拌炒到透明 洋蔥絲先取出備用 豬肉片下鍋煎到兩面都變色 倒入薑、醬油、味碄，讓豬肉片2面都吃色 放入洋蔥拌炒\r\n3. 完成'),
(22, '三杯雞', 180,  '1. 薑切片或絲 雞肉切塊加入醃料靜放五分鐘 辣椒切段\r\n2. 爆香 熱鍋後加入麻油及薑爆香 加入醃製好的雞肉煎至表面微金黃\r\n3. 炒及調味：加入醬油、米酒炒香上色 放水煮至入味約8分鐘 加入砂糖拌炒  起鍋前加入辣椒'),
(23, '塔香茄子', 84,  '1. 茄子斜切片、蒜頭打碎、辣椒切段、九層塔取葉備用\r\n2. 鍋熱油爆香，蒜頭、辣椒爆香\r\n3. 茄子下鍋炒\r\n4. 加醬油一起炒香\r\n5. 加水悶煮茄子，使其茄子更入味\r\n6. 試壓一下茄子，確認熟度\r\n7. 確認熟了後，將水分收乾\r\n8. 加入加九層塔稍微拌炒一下\r\n9. 試鹹度，不夠鹹再加點鹽調味後即可上鍋。'),
(24, '瓜仔滷肉', 243,  '1. 準備好食材備用，瓜仔一定要泡水20-30分鐘，不然會很鹹，切成塊狀\r\n2. 五花肉翻炒幾下，加瓜仔繼續炒香，再加入蒜頭，八角炒至金黃色\r\n3. 加醬油，醋，米酒，五香粉，一起攪拌均勻，可以把八角撈掉了，不然會變苦出來\r\n4. 水淹過五花肉，加入蔥，一起燉1個小時左右，燉到肉爛即可，'),
(25, '炒空心菜', 46,  '1. 空心菜-洗淨-切斷備用，薑-切絲備用，辣椒切丁備用\r\n2. 熱鍋-油-薑絲-辣椒先炒香\r\n3. 炒香後放入空心菜根炒30～40秒\r\n4. 再放入空心菜葉拌炒勻-鹽-昆布粉-熱水拌炒熟即可起鍋。'),
(26, '三絲炒麵', 442,  '1. 因為是炒麵所以材料都切成絲狀主食麵以外，三種色系食材稱三絲\r\n2. 用少許醬油醃肉\r\n3. 確實每塊肉絲都有沾到醬油\r\n4. 加上少許太白粉裹在肉絲外層炒起來比較不會乾或焦\r\n5. 抓取兩人份的雞蛋麵條'),
(27, '鹹蛋苦瓜', 110,  '1. 苦瓜洗淨去籽，切成0.3cm片狀，瑞滾水汆燙2-3分鐘，撈起泡冷水降溫，瀝乾水份備用\r\n2. 鹹蛋分出蛋黃及蛋白，蛋黃加入1大匙油拌成泥狀，蛋白切碎備用\r\n3. 熱鍋加入1大匙油，小火爆香蒜末、辣椒末，加入蛋黃泥一起加熱至起泡乳化\r\n4. 倒入苦瓜、蛋白、糖拌炒均勻，加入2大匙水（份量外），蓋上鍋蓋悶3分鐘至熟軟，撒上蔥花即可盛盤。'),
(28, '海苔肉鬆三角飯糰', 204,  '1. 冷飯先用微波爐稍微加熱一下\r\n2. 再白飯上撒上適量的海苔酥\r\n3. 將白飯跟海苔酥拌勻\r\n4. 取出三角飯糰模具\r\n5. 現在底部鋪上一層飯'),
(29, '客家炒粄條', 304,  '1. 將市場買來的兩片一組的面帕粄條，切成適當條狀，再把它分開來，下鍋炒時才會均勻入味。\r\n2. 香菇泡軟切絲，紅蘿蔔、洋蔥、高麗菜，瘦肉切絲，青蔥切細，泡香菇的水留著，蝦米泡軟。\r\n3. 炒鍋加適當的橄欖油，將香菇、蝦米下鍋爆香，再放入紅蘿蔔、洋蔥炒出香味，加入肉絲炒至變色，再加入高麗菜絲炒軟\r\n4. 加入醬油膏上色，再加入醬油、胡椒粉調味，加入紅蔥酥拌勻，將香菇水加入在加些適量的水燜煮一下，水滾加入分好的粄條拌炒，粄條變軟入味，水分稍微收乾即可\r\n5. 炒好的粄條入味條條分明，香氣十足~ '),
(30, '美式炒蛋', 168,  '1. 將蛋打散後，加入牛奶、鹽、白胡椒粉及太白粉，充份拌勻\r\n2. 起油鍋，開中小火，倒入適量的油，將打好的蛋液倒入鍋中\r\n3. 用筷子或鍋鏟慢慢的將外圍成形的蛋往中心撥\r\n4. 最後蛋會變成散裝大塊狀就可以熄火裝盤\r\n5. 撒上適量的黑胡椒粒及義式香料'),
(31, '沙茶牛肉', 153,  '1. 火鍋牛肉片切粗條\r\n2. 把醃料跟肉片放在一起醃20分鐘\r\n3. 起油鍋，加入蒜末爆香\r\n4. 加入空心菜略炒\r\n5. 用空心菜圍成一圈，倒入醃好的牛肉\r\n6. 再加入一匙沙茶醬/醬油/辣椒\r\n7. 拌炒後即可起鍋'),
(32, '洋蔥茄子紅椒番茄', 67,  '1. 茄子切段\r\n2. 蒜頭切片。洋蔥切絲。甜椒切絲。蕃茄切丁\r\n3. 下橄㰖油將洋蔥炒輭\r\n4. 加入蒜片爆香\r\n5. 加入甜椒炒輭\r\n6. 加入茄子\r\n7. 還有蕃茄丁\r\n8. 有需要可多加點橄㰖油。炒大概15-20分鐘。加入鹽，黑胡椒粉\r\n9. 完成。'),
(33, '吐司捲蛋', 334,  '1. 全蛋液+鮮奶打均勻入鍋煎\r\n2. 吐司桿平/壓平\r\n3. 放在吐司中間\r\n4. 捲起來即可\r\n5. 切開'),
(34, '涼拌豆腐', 67,  '1. 豆腐淋上香菇素蠔油\r\n2. 放素香鬆\r\n3. 最後再加上海苔即可。'),
(35, '穀麥牛奶', 385,  '1. 牛奶、麥片、穀物麥片、葡萄乾、無花果等食材一次準備好。\r\n2. 依序將牛奶、麥片、穀物麥片、葡萄乾、無花果放入碗中即可上桌。'),
(36, '檸檬小蛋糕', 283,  '1. 將無鹽奶油、鹽放入鍋中，以中火慢慢加熱融化，並以隔水加熱保溫50度。\r\n2. 將蛋打入盆中打散，再倒入細砂糖攪拌拌勻，以隔水加熱方式至29度。\r\n3. 利用電動攪拌機將加熱過的蛋液，打發成濕性發泡狀態。\r\n4. 將低筋麵粉過篩倒入，翻拌均勻，接著刨入適量的檸檬皮削。\r\n5. 將檸檬汁與蘭姆酒倒入小碗，再把一小部分麵糊放入小碗中拌勻，接著倒回至麵糊中，翻拌均勻.此作法可先讓麵糊與液體的比重接近）\r\n6. 先舀一匙的麵糊放入融化的奶油中拌勻，再倒回至麵糊中，翻拌均勻.（此作法可先讓麵糊與液體的比重接近）\r\n7. 將麵糊擠進檸檬形狀的烤模中（八分滿），放入烤箱，以上下火170度烤15分鐘，出爐後輕敲一下，把蛋糕取出待冷卻備用。\r\n8. 將檸檬巧克力以隔水加熱方式融化成巧克力醬，最後均勻的淋在蛋糕上就完成囉～'),
(37, '香椿捲餅', 203,  '1. 將香椿餅煎兩面金黃。\r\n2. 香蕉切一半。\n\r3小黃瓜切絲，然後將香蕉小黃瓜放入香椿餅皮上。\r\n4. 捲起即可'),
(38, '培根蛋餅', 247,  '1. 原鍋放入一片培根，煎香後倒入打散的雞蛋及起司片，放入蛋餅皮。\r\n2. 煎香後翻面，運用鍋鏟將蛋餅捲起。\n\r3放上砧板，用刀子切好蛋餅就完成'),
(39, '涼拌豆干', 105,  '1. 切好食材、下鍋熱水燙2分鐘\r\n2. 起鍋放入冰水冰鎮\r\n3. 取出拌入材料和調味料即完成。'),
(40, '涼拌小黃瓜', 110,  '1. 小黃瓜洗淨去頭尾，切厚圓片約0.4cm~1.5cm\r\n2. 蒜頭切末辣椒切末，備調味料\r\n3. 在每一片小黃瓜的表面撒上薄薄的一層鹽巴 ,撒完撥到旁邊，重覆撒幾次到底層，再撥回，再換邊撒鹽巴，直到底層，然後才全部一起稍微攪拌均勻 ，放著醃製約 10分鐘 ，等待出水\r\n4. 加6~8大匙烏醋，隨你自由調，因烏醋不太酸。加入蒜末和辣椒末，攪拌均勻，試味。'),
(41, '菜脯蒼蠅頭', 182,  '1. 蘿蔔乾、韭菜切丁，紅蔥頭切末備用\r\n2. 下油鍋放入紅蔥頭末炒香後，再撥至鍋邊備用\r\n3. 加入肉末再下櫻花蝦，菜脯 炒到香氣出來\r\n4. 加入醬料拌炒\r\n5. 放進調味料，灑上胡椒粉\r\n6. 最後加入韭菜花拌炒一下，即可起鍋。'),
(42, '沙茶羊肉', 132,  '1. 油菜洗淨切段; 紅辣椒對剖切段; 蒜頭去除外膜對切\r\n2. 羊肉片加入醃料拌勻\r\n3. 取一炒鍋, 加入2大匙油\r\n4. 放入蒜頭 辣椒 羊肉油脂 (羊肉片取下來的, 先煸過, 吃起來較不油), 小火煸香\r\n5. 放倒入羊肉片, 改轉大火煎至變色取出。'),
(43, '美式可可豆杏仁酥', 139,  '1. 植物奶油放室溫軟化後，攪拌成奶霜狀\r\n2. 篩入黑糖粉，攪拌至混合\r\n3. 篩入低筋麵粉至奶油攪拌均勻\r\n4. 再加入巧克力丁及杏仁片，混入麵團中拌勻r\n5. 以冰淇淋杓挖取適當份量至烤盤上\r\n6. 再用叉子壓平麵團\r\n7. 放入預熱過的烤箱以180度C烤約15~20分鐘（微焦色即可）'),
(44, '番茄炒高麗菜', 42,  '1. 高麗菜-洗淨-切絲備用，蕃茄洗淨-切丁或切長條備用\r\n2. 熱鍋-油-番茄拌炒軟\r\n3. 放高麗菜拌炒勻後-鹽-昆布粉-水炒熟即可起鍋。'),
(45, '清炒菜心', 46,  '1. 市塲買回來的A菜菜心，切片以後，加鹽抓一抓放約10分鐘，讓菜心出水，然後用水將鹽巴沖掉。大蒜拍扁、辣椒切斜\r\n2. 菜心洗淨後切成粗絲並加一茶匙鹽抓一抓讓菜心出水，辣椒去仔切絲、蒜頭切末\r\n3. 起油鍋先爆香蒜末\r\n4. 再倒入辣椒絲和菜心絲拌炒加入適量的鹽和糖即可起鍋。'),
(46, '炸薯條', 522,  '1. 將材料準備好，雞蛋攪拌成蛋液備用。建議將粉類與蛋液分別裝入盤中，方便後續馬鈴薯沾黏。\r\n2. 將馬鈴薯清洗乾淨、切成長條狀，取個容器，撒入適量的鹽巴，翻動馬鈴薯做調味的動作。\r\n3. 將步驟2的馬鈴薯條取出，先沾一層低筋麵粉，接著將沾有低筋麵粉的馬鈴薯條沾上蛋液，最後裹上麵包粉即可，順序：低筋麵粉—蛋液—麵包粉\r\n4. 起個油鍋，待油溫穩定上升，放入裹好的馬鈴薯條，炸至表面上色後，稍微轉大火逼油，即可取出。\r\n5. 可灑上一點海苔粉、胡椒鹽、番茄醬等做調味。'),
(47, '蔥爆松阪豬', 130,  '1. 青蔥切長段，蔥白、蔥綠分開備用。蒜頭切末備用。紅辣椒切片備用。\r\n2. 松阪豬下鍋不加油，乾煸至焦香，翻面後下蔥白一同炒出香味後取出，將松阪豬逆紋切片備用。\r\n3. 同一鍋底加少許油，下蔥綠炒香後盛出備用。\r\n4. 同一鍋底，下蠔油、蒜末炒香，再下米酒、香油調味後，放入備用的松阪豬、蔥白、蔥綠、紅辣椒片一起炒勻盛出即可。'),
(48, '芒果鮮奶酪', 363,  '1. 將白美娜和鮮奶混合，用小火煮，將砂糖加入，煮到砂糖融解\r\n2. 煮到80度左右，再加入即溶吉利丁粉混合攪拌到吉利丁粉完全融解\r\n3. 再過篩一次，將奶酪液倒入容器中，放入冰箱冷藏至奶酪定型凝固\r\n4. 將芒果分成2部份處理～1份打成芒果泥、1份切成芒果小丁\r\n5. 將凝固的奶酪取出來，然後將芒果醬淋在奶酪上，再將芒果小丁放在淋醬上，好吃的芒果鮮奶酪完成。'),
(49, '醬燒豆干', 157,  '1. 白豆干切四等分，均勻撒一點鹽靜置10分鐘。熱油鍋，放入豆干兩面煎至金黃色\r\n2. 醬汁調勻，倒入鍋中，關小火煮10分鐘至上色，再換面煮10分鐘即可'),
(50, '櫻花蝦炒高麗菜', 147,  '1. 高麗菜洗淨切片、蒜瓣切末、辣椒去籽切片.櫻花蝦泡少許米酒10分鐘撈起瀝乾\r\n2. 起油鍋先放入櫻花蝦炒香後，盛盤備用\r\n3. 原鍋再度起油鍋，放入蒜末.辣椒爆香後加入高麗菜翻炒約2-3分鐘，再加入鹽及櫻花蝦拌炒均勻入味即可起鍋。'),
(51, '蒜香杏鮑菇', 121,  '1. 將杏鮑菇撕成粗絲\r\n2. 杏鮑菇絲放入鍋中，開火煸杏鮑菇絲\r\n3. 大約30秒後傳出香氣後，開始拌炒\r\n4. 炒乾水份後，推至鍋邊\r\n5. 加入油、蒜粒炒勻\r\n6. 最後再加入鹽、義大利香料炒勻即可盛盤'),
(52, '涼拌油菜', 80,  '1. 油菜洗淨切妥，紅蘿蔔削皮後刨絲，蒜頭切末備用。\r\n2. 煮一鍋滾水，加入少許的沙拉油及鹽，把紅蘿蔔絲及油菜汆燙3分鐘撈起瀝乾。\r\n3. 準備一個大碗，把蒜末、油菜、紅蘿蔔絲、鹽、白芝麻及香油均勻拌在一起，再放入冰箱冰鎮。\r\n4. 盛盤後再撒上一點香油，開胃又清爽的涼拌油菜就完成了哦!'),
(53, '杏鮑菇炒甜椒', 53,  '1. 甜椒與杏鮑菇切塊，再將蒜頭拍碎切細丁\r\n2. 煮熱鍋：下苦茶油後加入蒜頭，稍微炒出香味後，加入紅黃椒，約5分熟後加入杏鮑菇與鹽巴，若喜歡西式口味，加一些迷迭香與黑胡椒也很棒!'),
(54, '密蓮藕', 160,  '1. 備好所有食材。越光米事先洗淨並瀝乾水份。蓮藕洗淨泥汙，用菜瓜布刷乾淨外皮後，取較窄那一端切除3cm當作蓋子\r\n2. 左手握住蓮藕長端，右手抓米以(摩擦孔洞)方式將米填入，再輔以筷子將米推進孔洞最底部。蓮藕長端塞進米粒後(8分滿就好，我塞太滿了)，即蓋上蓮藕短端(不須塞米粒)，再用牙籤緊緊封住蓋子(上下左右各一支)。\r\n3. 取一電鍋，(內鍋)放進蓮藕和淹過蓮藕的水量。(外鍋)加進2米杯水量，重複進行3次至蓮藕變軟，耗時約180分鐘。接著，(內鍋)加進調味料進行蜜漬，(外鍋)加進1米杯水量，這次開關跳起時，須將蓮藕翻面再重複進行1次即可。最後，續燜內鍋至涼，再移至冰箱冷藏一天後切片即完成。\r\n4. 先將刀具沾點水，再慢慢往下壓切，即可切得完整漂亮，每切一片都須再沾一次水，熟米粒才不易黏刀。〜完成！'),
(55, '瓜仔肉', 147,  '1. 半罐脆瓜切碎，備用。\r\n2. 準備一蒸碗，放入絞肉、半罐切碎的醬瓜、半罐醬瓜汁、1匙米酒、一湯匙醬油、少許胡椒粉，拌勻。\r\n3. 放入大鍋，蓋鍋蓋，蒸15分鐘。\r\n4. 或是放入大同電鍋，外鍋放一杯水(用大同電鍋附的米杯），按下開關，開關跳起即可。（可以和飯一起煮，白米放下層，瓜仔肉放上層）\r\n5. 蒸好的瓜仔肉呈肉塊狀，可以把肉塊與醬汁一起打散拌勻。'),
(56, '懶人美式煎餅', 447,  '1. 市售鬆餅粉買回來後盒子上都會註明水或牛奶要加多少，加牛奶就好比較香，再打一顆蛋下去更好吃。\r\n2. 麵糊攪拌好後就可以開始煎囉，開小火慢慢煎就好，煎到兩面金黃就可以起鍋。剛下麵糊煎到冒泡泡翻面，我喜歡吃有一點焦就會煎比較久\r\n3. 這個是一家早餐店賣的美式早午餐，在家裡除了加點蜂蜜(不加也很香)，也可以依個人喜好想加什麼就加什麼，我喜歡切點水果擺上去吃營養又好看!'),
(57, '蒜味椒鹽菇菇', 155,  '1. 菇類洗淨瀝乾，靜置至少半小時讓表面乾燥；蒜頭切末備用\r\n2. 用手撕或刀切處理成適口大小，放入鍋中，均勻灑入鹽後混拌一下，靜置約15~20分鐘，待菇類表面出水\r\n3. 不用倒油，直接開火翻炒，菇類會釋出更多湯汁\r\n4. 加入蒜末翻炒至香味出來，再加入黑白胡椒調味\r\n5. 轉中大火，翻炒至收乾湯汁即可'),
(58, '溏心蛋', 128,  '1. 將泡蛋醬汁煮滾，放涼。\r\n2. 雞蛋洗淨後放入裝有冷水的鍋中。開大火，並開始計時10～12分鐘，一邊煮一邊輕輕攪拌，時間一到馬上熄火，將蛋移入另一鍋冷開水中降溫。雞蛋冷卻後剝殼。\r\n3. 剝好殼的蛋放入泡蛋醬汁中浸泡，約1～2天，使之入味。\r\n4. 也可移入密封罐，更容易保鮮。放入冰箱冷藏，大約四～五天應該都沒問題。\r\n5. 享用時可以很豪邁的整顆直接咬，也可以用棉線交叉切開蛋，要用哪一種吃法端看你的心情。'),
(59, '日式紅蘿蔔燉牛肉', 227,  '1. 備料。\r\n2. 先炒過洋蔥跟紅蘿蔔。\r\n3. 在下牛肉 醬油 水 糖 燉30分鐘\r\n4. 至蔬菜變軟即可'),
(60, '牛丼', 194,  '1. 鍋中下油，放入洋蔥拌炒至稍微透明狀態。\r\n2. 放入醬油、米酒、味醂拌炒，再倒入清水，以小火燉煮10分鐘。\r\n3. 下牛肉片炒至入味，最後倒至白飯上，再放一顆蛋黃、蔥花即可享用囉～'),
(61, '味噌湯', 170,  '1. 乾昆布泡入冷水約2個小時，使其回發至原來大小。拿起時可將多餘的水稍微擠乾。\r\n2. 將昆布與柴魚片放入量好水的鍋中，以中小火煮5-10分鐘後取出，即可完成不使用味精的天然高湯。此處不要煮至大滾，避免破壞高湯風味。\r\n3. 味噌拌入少許冷開水，使其呈現液狀，放入高湯時會更好加入。\r\n4. 將液狀味噌放入高湯中，均勻攪拌至看不見塊狀味噌即可。\r\n5. 將豆腐切好分配至碗中，放入煮好的味噌湯。\r\n6. 依個人喜好撒上少許蔥花，味噌湯即可完成。'),
(62, '日式炸豬排', 219,  '1. 在豬肉油脂部位切幾刀。\r\n2. 接著搥打肉片，將筋敲斷。\r\n3. 兩面撒上胡椒鹽。\r\n4. 放進蛋液中，讓豬肉充分包裹蛋液。\r\n5. 再來沾裹低筋麵粉。蛋液及低筋麵粉都大約沾裹兩圈為佳\r\n6. 接著沾裹麵包粉。\r\n7. 起170度左右的油鍋，下鍋油炸兩面，瀝油即可上桌。'),
(63, '味噌烤雞肉串', 219,  '1. 雞肉切塊後 用味醂 醬油 味噌 蒜頭醃製 進冰箱30分鐘\r\n2. 竹籤泡水防止燒焦\r\n3. 串起後 進烤箱烤10分鐘 翻面再烤10分鐘'),
(64, '親子丼', 219,  '1. 洋蔥切細絲備用。\r\n2. 蔥切細絲備用。\r\n3. 調醬汁，醬油：味醂：米酒=2：2：1\r\n4. 去骨雞腿排去皮去油脂切塊備用。\r\n5. 將洋蔥、雞肉放入平底鍋內，倒入醬汁及少許柴魚片，加水至食材ㄧ半高度，稍拌勻即可。\r\n6. 開中小火，蓋上鍋蓋，悶煮8分鐘。\r\n7. 悶煮完成，將肉塊集中ㄧ點後，將蛋液分兩次倒入鍋中。第一次先將一半蛋液順時針淋在雞塊上，蓋鍋蓋10秒。\r\n8. 第二次將剩餘蛋液再淋上。蓋上鍋蓋悶煮30秒。\r\n9. 撒上蔥絲，蓋鍋蓋悶煮10秒，完成'),
(65, '日式大根雞肉煮', 178,  '1. 準備好以上食材大根要先泡水15分鐘\r\n2. 乾鍋下雞肉炒至6分熟\r\n3. 放入泡好水的大根拌炒雞油不夠的話，可下點橄欖油\r\n4. 加入半碗熱水、醬油及砂糖，煮至收汁即可盛盤\r\n5. 盛盤'),
(66, '客家小炒', 212,  '1. 三層肉憋油炒到豬油逼出來，呈現焦Q黃\r\n2. 豆乾炒到黃黃乾乾\r\n3. 蒜頭末憋一下裝起來\r\n4. 裝入新油，加入李蠔油、鹽、冰糖後炒香\r\n5. 加入芹菜、蒜蔥、辣椒收乾起鍋'),
(67, '蒜味雞腿排', 268,  '1. 先以火力180烤15分鐘\r\n2. 把雞腿反面用蒜頭鋪滿，再以火力180烤3分鐘就可以了！'),
(68, '茶香滷雞腿', 167,  '1. 棒棒腿洗乾淨，把多餘的脂肪去除，並用滾水川燙兩分鐘去除血水\r\n2. 準備一個平底鍋，鍋裡放入兩湯匙油，加入蒜瓣、薑片炒香並小火把棒棒腿表面煎微黃上色\r\n3. 倒入米酒、醬油、蠔油、冰糖小火滾二十分鐘，即關火繼續浸泡\r\n4. 約十分鐘後即可上桌。'),
(69, '奶油雞肉鮮菇燉飯', 452,  '1. 雞腿肉洗淨後，用刀子將肉不均勻的部分劃開，接著在肉的那面撒上些許的鹽和羅勒後靜待約20到30分鐘\r\n2. 將洋蔥切小丁、蒜頭拍碎切末、秀珍菇切片、白米洗浄瀝乾\r\n3. 鍋子放入橄欖油並融化一半的無鹽奶油\r\n4. 待無鹽奶油完全融化後，放入蒜頭爆香，接著放入洋蔥入炒\r\n5. 放米入炒，並倒入米酒一起炒到酒蒸發為止\r\n6. 先倒入一米杯的雞高湯，以小火燉煮生米，直到湯汁收乾\r\n7. 同時再另外起一個鍋子，鍋中不放油，直接將醃好的雞腿排帶皮的那一面先放入鍋中煎至出油，待雞肉熟後撈起切片放置一旁備用\r\n8. 利用步驟三剩餘的雞油繼續炒秀珍菇，直到出水後，將秀珍菇和香菇水一起取出、倒入碗中備用\r\n9. 鍋子再倒入第二米杯的雞高湯，繼續以小火燉煮生米，直到湯汁收乾為止\r\n10. 倒入0.5米杯的雞湯，再繼續以小火燉煮生米，直到湯汁收乾為止\r\n11. 最後放入先前好的秀珍菇(連香菇水一起放入)，繼續收乾湯汁\r\n12. 倒入適量的起司粉後均勻攪拌米粒\r\n13. 燉飯盛盤再放上剛剛煎好的雞腿排即可享用。'),
(70, '焗烤義大利麵紅醬花枝丸', 650,  '1. 準備好番茄羅勒大蒜口味義大利麵醬，與喜愛的焗烤起司種類，花枝丸放置焗烤容器內。\r\n2. 把醬汁均勻塗在花枝丸上。\r\n3. 灑上焗烤起司，送進烤箱以170度C烤10~15分鐘或起司開始融化。\r\n4. 上桌前灑上義大利香料粉更添香氣。'),
(71, '蒜香五花菠菜', 284,  '1. 熱鍋後將五花肉片放入轉中小火煸出肉片本身油脂\r\n2. 蒜末倒入一起炒香\r\n3. 先倒入菠菜梗拌炒\r\n4. 約1分鐘再倒入菠菜葉的部分快速拌炒\r\n5. 起鍋前撒入適量鹽巴拌勻即可\r\n6. 完成裝盤就是一道好吃的家常菜。'),
(72, '蒜味雞胸肉', 180,  '1. 把肉處理好醃漬醬油鹽大蒜都加進去之後放烤箱烤30分就完成了'),
(73, '麻婆豆腐', 133,  '1. 冷鍋加入1大匙的油拌炒豬絞肉，拌炒到豬肉表面6成都變白\r\n2. 將豬絞肉撥到一邊，加入剩下1大匙的油拌炒豆瓣醬，待豆瓣醬與油混和飄出香味，加入一半的蔥末拌炒出香味，與豬絞肉一同拌炒，轉中大火沿著鍋邊加入醬油拌炒勻，沿著鍋邊加入米酒。\r\n3. 加入豆腐輕柔拌炒，加入清水中火燉煮10-15分鐘，燉煮到一半時間時，加入糖\r\n4. 轉大火加入太白粉水拌勻，在淋上麻油，撒上蔥末，就可以上桌囉!'),
(74, '烤黑胡椒秋刀魚', 314,  '1. 首先準備好秋刀魚、黑胡椒及鹽\r\n2. 秋刀魚腮幫子掀開將鰓拔除，接著用流動水將血水沖洗乾淨\r\n3. 帶有苦甘味的秋刀魚內臟是秋刀魚的特色，所以將鰓去除內臟無需處理\r\n4. 將秋刀魚兩側均勻抹上薄鹽\r\n5. 接著在秋刀魚兩面抹上大量黑胡椒後，放在已鋪好烘焙紙的烤盤上\r\n6. 放入已預熱180度烤箱烤20分鐘\r\n7. 盛盤後，切一小片檸檬放在秋刀魚旁，食用前擠一點檸檬在烤得香酥的秋刀魚上增添風味就完成囉！'),
(75, '茄汁秋刀魚', 336,  '1. 將秋刀魚處理好，放入適量的番茄醬+少許砂糖+1碗水+薑片，入電鍋\r\n2. 外鍋1杯水，蒸三次\r\n3. 番茄醬自行斟酌即可上桌！'),
(76, '奶油醬燒杏鮑菇', 339,  '1. 首先將杏鮑菇切成圓柱狀，傘部切成好入口大小。\r\n2. 接著表面切淺淺的格子狀。\r\n3. 蒜頭切末。在平底鍋倒入1茶匙的沙拉油與蒜末小火炒香。香味散出後，轉中火並放入杏鮑菇煎一煎。\r\n4. 每一面都煎出焦色後，加入調味料後拌勻即可起鍋。\r\n5. 美味好吃的下酒菜就完成了！非常簡單，趕快試試喔'),
(77, '慢火烤牛肉佐洋蔥醬', 289,  '1. 將牛肉兩面抹上胡椒鹽並按摩一下。\r\n2. 在平底鍋中倒入多一點油，放入拍過的蒜頭，開小火煎香。待香味散出後轉大火，放入牛肉將表面煎出焦色。\r\n3. 接著轉小火，蓋上鋁箔紙。五分鐘後取下鋁箔蓋子。\r\n4. 接著準備另一張鋁箔紙，撒上胡椒及鹽巴。放入牛肉。包起來放至常溫。\r\n5. 接著做洋蔥醬，在剛剛的平底鍋中加入洋蔥末，翻炒。然後加入剩餘的調味料，煮沸就完成洋蔥醬。\r\n6. 放到常溫後，打開鋁箔紙，按壓一下牛肉，如果跟大腿的硬度一樣，即是完美的熟度。\r\n7. 最後，將牛肉切片，淋上洋蔥醬就可以享用了！'),
(78, '日式咖喱飯', 79,  '1. 馬鈴薯、紅蘿蔔、洋蔥切塊\r\n2. 熱油下鍋，先放入洋蔥煮軟\r\n3. 下雞肉、紅蘿蔔、馬鈴薯拌炒，下800ml的水，用中火煮沸後，轉小火煮到材料煮透\r\n4. 把火關掉，放入咖喱塊拌勻，讓咖喱塊融化，用小火煮到濃稠\r\n5. 盤子放1碗飯，加入咖喱即可。'),
(79, '芝麻脆餅', 317,  '1. 將黑芝麻、白芝麻倒入碗中，再把糖粉、低筋麵粉過篩倒入，全部混合均勻。\r\n2. 倒入蛋白、融化的無鹽奶油，攪拌均勻成麵糊。\r\n3. 烤盤上先鋪烘焙紙，舀一匙麵糊在烘焙紙上，用湯匙慢慢抹開成圓形薄餅狀。\r\n4. 烤箱預熱上下火180度，將烤盤放入烤10分鐘，再調整成上下火100度烤5分鐘，出爐後放涼即可成為酥脆的芝麻脆餅喔～'),
(80, '港式煎牛排', 131,  '1. 牛排解凍後，瀝乾水分備用\r\n2. 將嫩肉粉抹勻牛排兩面後，加入醬油醃15分鐘\r\n3. 加入太白粉水，待牛排完全吸收後，再重複加入\r\n4. 直至牛排變得豐潤厚重而富彈性，放入冰箱冷藏過夜待用\r\n5. 燒熱平底鍋下油，放牛排以大火煎香3 分鐘\r\n6. 然後反向另一面同樣以大火煎3 分鐘至全熟，盛起備用\r\n7. 燒熱鍋下油，爆香黑胡椒碎，灒上醬油；加入水後煮出香味\r\n8. 再倒入太白粉水收芡\r\n9. 將黑胡椒汁淋在牛排上即可。'),
(81, '炸醬麵', 335,  '1. 將絞肉與15克的蒜末、5克的醬油、白胡椒粉混合均勻。\r\n2. 鍋中下油，將豆干放入鍋中拌炒至金黃色，取出備用。\r\n3. 鍋中下油，將蒜末放入鍋中爆香，再倒入醃過的豬絞肉拌炒至熟。\r\n4. 加入甜麵醬、辣豆瓣醬拌炒，接著下豆干拌炒。\r\n5. 加入5克的醬油、冰糖拌炒，最後倒入水，蓋上鍋蓋，以小火燉煮30分鐘即可搭配麵條一起享用喔～'),
(82, '彩椒肉絲', 223,  '1. 首先將大蒜爆香後放入肉絲炒至7~8分熟。\r\n2. 加入切好的彩椒拌炒。\r\n3. 放入調味料。\r\n4. 等到食材都炒熟就完成了。'),
(83, '烘烤豬排肉', 118,  '1. 肉要先戳洞幫助入味\r\n2. 醃料調好均勻抹上按摩入味，冰箱醃製ㄧ天\r\n3. 醃製一天，放入氣炸鍋溫度180度c 時間25分鐘。'),
(84, '紅糟肉', 493,  '1. 五花肉戳洞，幫助更入味。\r\n2. 攪拌機中放入紅麴米、米酒、薑、蒜頭、醬油，混合打勻。\r\n3. 將五花肉與打勻的醃料裝在一容器，並倒入五香粉、胡椒粉。\r\n4. 將醃料均勻按摩至五花肉上，並蓋上容器蓋子，冷藏醃製2天。\r\n5. 醃好的紅糟肉均勻沾裹地瓜粉。\r\n6. 中小火油鍋炸約15分鐘。\r\n7. 炸好後，依個人洗好切成片狀大小即可食用囉。'),
(85, '驢打滾', 198,  '1. 將黃豆粉放入平底鍋中，小火焙烤至熟，呈現淡黃棕色即可起鍋備用。\r\n2. 糯米粉跟水拌勻，放上抹油的盤子中，大火蒸15分鐘變成糯米團。\r\n3. 桌上撒上熟黃豆粉，將蒸熟的糯米糰桿至0.5公分薄片。\r\n4. 鋪上紅豆沙，並於表面再撒上一層熟黃豆粉以免沾黏，並將紅豆沙餡均勻鋪平。\r\n5. 將糯米團捲成筒狀，再切成小段小段狀，就完成囉！'),
(86, '蘿蔔滷肉', 146,  '1. 豬五花切塊，紅白蘿蔔滾刀切\r\n2. 豬五花先下鍋乾煎\r\n3. 待肉塊煎至金黃色，就可以加蒜頭下去爆香拌炒\r\n4. 倒入蘿蔔塊、醬油及冰糖拌炒上色，就可以準備移至小鍋加水燜煮囉\r\n5. 大滾後關最小火悶煮15分鐘\r\n6. 關火後燜到所有菜都煮好再掀蓋就完成了。'),
(87, '蒜頭蛤蜊雞湯', 183,  '1. 將雞腿肉放入鍋中，汆燙約1分鐘去除血水。\r\n2. 鍋中放入蒜頭、雞腿肉，倒入清水，以大火煮滾後，轉成小火並蓋上鍋蓋燉煮50分鐘。\r\n3. 倒入米酒、蛤蠣，蓋上鍋蓋燜3分鐘，最後加點鹽巴調味即完成囉～'),
(88, '玉米濃湯', 112,  '1. 下油熱鍋，倒入洋蔥炒至有香氣\r\n2. 把馬鈴薯加入，並灑少許的鹽，繼續翻炒\r\n3. 接著，加入約三分之二的玉米粒和蒜末翻炒\r\n4. 加入清水煮滾\r\n5. 關火後，用手持攪拌棒或其他果汁器把食材打成泥\r\n6. 移回煮食爐以小火加入脫脂鮮奶和餘下三分之一的玉米粒煮滾，加入適量的鹽和糖\r\n7. 完成。'),
(89, '麻油雞飯', 189,  '1. 鍋中下麻油，放入薑片乾煸，再下乾香菇絲拌炒。\r\n2. 放入去骨雞腿肉，煎至兩面金黃。\r\n3. 把白米、炒過的雞腿肉、米酒、醬油、水倒入電子內鍋中，混合均勻後，放入電子鍋中燉煮1小時即完成囉～'),
(90, '酸菜排骨湯', 74,  '1. 排骨洗淨後，放入鍋中汆燙去除血水，接著取出備用。\r\n2. 鍋中放入薑片、蒜苗、汆燙過的排骨，再倒入高湯，蓋上鍋蓋，小火熬煮30分鐘。\r\n3. 打開鍋蓋，放入洗過的酸菜，蓋上鍋蓋，再小火熬煮20分鐘。\r\n4. 最後加入鹽巴、白胡椒粉調味即完成囉～'),
(91, '鍋煮奶茶', 35,  '1. 將水倒入鍋中煮沸，倒入茶葉，煮約一分鐘至茶色散發。\r\n2. 倒入牛奶，小火煮至溫熱狀態。\r\n3. 可依個人口味喜好，加入蜂蜜調味，攪拌均勻。\r\n4. 最後將煮好的奶茶，過濾掉茶渣即完成囉～'),
(92, '麻油薑豬肉餃', 255,  '1. 薑洗淨擦乾，刨成薑末\r\n2. 盆中倒入絞肉、薑末及所有調味料，拌勻成肉餡\r\n3. 取餃子皮，包入適量內餡，排放在鋪好保鮮膜的平盤上，放入冷凍冰硬後即可分裝，冷凍保存\r\n4. 將餃子排放在不沾平底鍋中，倒入適量麵粉水\r\n5. 蓋上鍋蓋，以小火悶煎約10分鐘，再掀蓋續煎至麵粉水收乾即可。'),
(93, '芋頭籤粿', 170,  '1. 將芋頭的外皮削除，再切成細絲狀，放入電鍋以半杯水蒸熟備用。\r\n2. 把地瓜粉、水、糖攪拌均勻成無顆粒粉漿。\r\n3. 倒入蒸熟的芋頭絲於粉漿中，混合均勻，放入電鍋以半杯水蒸熟即完成囉～'),
(94, '草莓大福', 130,  '1. 將糯米粉、白砂糖、水倒入碗中，攪拌均勻，放入先預熱好的電鍋蒸5分鐘。\r\n2. 從電鍋中拿出，將糯米糰稍微攪拌，再放回電鍋蒸3分鐘。\r\n3. 蒸好的糯米糰用保鮮膜包起，橄平成厚度均勻的一片。\r\n4. 取適量的紅豆泥，壓扁成一片，包入新鮮草莓。\r\n5. 先將一小塊糯米糰均勻沾裹熟太白粉，再把餡料放在糯米糰中，收口處捏緊即完成囉～'),
(95, '起司鮪魚玉米餃', 270,  '1. 將鮪魚罐頭的水份瀝乾，再將所有材料倒入碗中拌勻\r\n2. 把餡料置於餛飩皮中間，餛飩皮週邊沾少許水，再慢慢捲起，兩邊捏緊\r\n3. 鍋中倒適量油，用半煎炸的方式煎至外皮金黃色就可以了。'),
(96, '炸湯圓', 253,  '1. 白湯圓：將水加入糯米粉中，混合均勻成團狀，再取一小塊，壓成扁平狀，放入熱水鍋中煮熟成粿粹。\r\n2. 將粿粹放回糯米團中混合均勻，再搓揉成長條狀，分切成小段。\r\n3. 取一小段，搓揉成小圓球，放入180度油鍋中，炸至稍微膨脹即可撈出～\r\n4. 紅湯圓：將水、紅龍果泥加入糯米粉中，混合均勻成團狀，再取一小塊，壓成扁平狀，放入熱水鍋中煮熟成粿粹，接下來重複步驟2、3即可\r\n5. 先將一小塊糯米糰均勻沾裹熟太白粉，再把餡料放在糯米糰中，收口處捏緊即完成囉～'),
(97, '鳳梨蝦球', 167,  '1. 蝦子 開背1~2cm，取1顆蛋白加入 鹽、胡椒、香油r\n2. 將開好背的蝦和地瓜粉加入拌勻\r\n3. 將果好粉的蝦子放入油鍋，變金黃色後撈起\r\n4. 鳳梨汁加入1~2匙，美乃滋攪拌一下，放入炸好蝦子拌勻\r\n5. 撒上白芝麻 ，上菜！'),
(98, '滑蛋蝦仁', 133,  '1. 將蝦仁與鹽、米酒、太白粉混合均勻，醃製20分鐘。\r\n2. 將蛋打入碗中，倒入鹽、白胡椒粉，把蛋液打散。\r\n3. 鍋中下多一點油，放入醃製好的蝦仁，拌炒至半熟倒入蛋液中混合均勻。\r\n4. 原鍋，放入青蔥、薑片爆香，將蛋液倒入，炒至蛋液稍微凝固即可起鍋囉～'),
(99, '蔥雞湯', 210,  '1. 將雞腿肉放入鍋中，煎至兩面稍微金黃。\r\n2. 將雞腿放入內鍋中，倒入白胡椒粉、鹽，混合均勻後放入電子鍋中，燉煮2小時。\r\n3. 把青蔥洗淨，去除尾部，切成蔥花，最後先將蔥花放入碗中，待雞湯煮好後倒入碗裡即完成囉～'),
(100, '醬油清蒸鱈魚', 94,  '1. 鱈魚抹鹽，鋪上青蔥\r\n2. 淋上醬油、米酒，進電鍋兩杯水蒸熟即可\r\n3. 電鍋跳起就可以上桌了。'),
(101, '可樂餅', 82,  '1. 鍋中下油，放入豬絞肉拌炒至變色。\r\n2. 放入洋蔥、玉米粒、鹽拌炒均勻。\r\n3. 將馬鈴薯蒸熟後壓成泥狀，倒入剛拌炒過的餡料，混合均勻。\r\n4. 取適量的馬鈴薯泥，用手捏成圓餅形或是自己喜歡的造型。\r\n5. 外表先均勻沾裹麵粉，再沾上蛋液，最後沾裹麵包粉。\r\n6. 油鍋加熱至170度，放入可樂餅炸至兩面金黃即完成囉～'),
(102, '芝麻球', 200,  '1. 將糯米粉、糖粉混合均勻，再倒入麻油、冷水拌勻，搓揉成團。\r\n2. 取一小塊糯米團，放在熱水鍋中，煮成粿粹。\r\n3. 撈起粿粹放回原先的糯米團中，持續搓揉成不黏手的糯米團。r\n4. 將糯米團、烏豆沙搓揉成長條，並分切成10等份。\r\n5. 取一份糯米團，搓圓後壓扁，包入烏豆沙，將收口處捏緊、搓揉成圓形。\r\n6. 外表均勻沾裹白芝麻，再放入油鍋120度炸8分鐘至金黃即完成囉～'),
(103, '比薩船', 324,  '1. 首先將節瓜洗淨後去頭去尾\r\n2. .再把節瓜對切\r\n3. .將節瓜表面(表皮的那面用刨刀刨一小面）主要是要讓節瓜可以穩穩的站好而不會晃動 將蘑菇切片\r\n4. .把義大利麵番茄醬用湯匙平均塗抹在節瓜上(不需要太多)\r\n5. .塗好後放上起士絲\r\n6. .最後把蘑菇平均擺上\r\n7. .烤箱溫度上下200度，烤約15-20分鐘即可'),
(104, '紅豆紫米湯', 84,  '1. 首紅豆紫米一杯洗淨放入萬用鍋中（無需浸泡）\r\n2. 水加至刻度五\r\n3. .萬用鍋設定\"豆類\"，依標準設定開始烹煮\r\n4. .行程結束，完全洩壓後開蓋，依個人喜好加入糖融解'),
(105, '雞蛋布丁', 84,  '1. 製作焦糖 將50g的糖和15ml的冷水開中小火燉煮至焦黃色\r\n2. 當看到糖轉為咖啡色時，將30ml 的熱水準備好，加入焦糖裡。\r\n3. 將焦糖冷卻成固態的同時，我們可以開始準備製作雞蛋布丁液r\n4. 將30克的糖加入4杯牛奶中加熱糖溶於牛奶中之後將伯爵茶包放置牛奶中待煮一分鐘，熄火 茶包一直泡在牛奶裡直到冷卻至室溫\r\n5. 在等待伯爵鮮奶茶冷卻的同時，將三顆蛋打散\r\n6. 將伯爵鮮奶茶倒入蛋液中，反覆過篩3次，濾掉蛋渣與泡泡\r\n7. 準備好剛剛冷卻好的焦糖，將布丁液倒至容器八分滿，放入電鍋。鍋外放一杯水，蒸15分鐘，悶3分鐘。'),
(106, '西米露', 67,  '1. 燒一鍋600ml滾水\r\n2. 倒入40ml西谷米煮至透明途中要邊攪拌避免燒焦\r\n3. .加入適量砂糖拌勻'),
(107, '火腿玉米炒蛋', 252,  '1. 食材準備-火腿切丁、打蛋加鹽、黑胡椒調味後備用、玉米粒備用\r\n2. 鍋熱油，火腿炒香後放入玉米粒\r\n3. .炒到火腿微焦、玉米粒顏色變的比較黃後再加入蛋液\r\n4. 蛋液與其他炒熟的食材一起炒均勻後，即可起鍋'),
(108, '蒸蛋', 42,  '1. 將雞蛋和醬油打入碗中攪拌均勻。\r\n2. 準備一個大碗,蛋液過篩倒入。\r\n3. 將蛋液用錫箔紙包覆好，避免蒸氣滴入破壞形狀。r\n4. 入鍋蒸煮8分鐘。\r\n5. 香菇切片以及魚板放在蒸蛋上。\r\n6. 入鍋蒸煮-2-3分鐘。\r\n7. 完成。'),
(109, '韓式泡菜炒飯', 90,  '1. 冷油放入切段的蔥，小火煸出出香味，拌炒至微微焦香\r\n2. 加入泡菜拌炒至泡菜味道出來\r\n3. 加入飯及鹽巴拌炒\r\n4. 蛋另外用小火煎至喜愛程度即可\r\n5. '),
(110, '巧克力小蛋糕', 310,  '1. 烤箱預熱180度 烤模抹上奶油備用 低筋麵粉過篩\r\n2. 巧克力和奶油隔水融化 蛋加入糖打成泡沫狀 加入融化的奶油巧克力拌勻 最後加入面粉拌勻\r\n3. 倒入烤模烤10-15分鐘熟了就完成了。'),
(111, '蒜泥白肉', 309,  '1. 準備這種有肥有瘦帶皮的豬肉 先起一鍋冷水，從微溫的時候加入豬肉，洗掉雜質\r\n2. 水加入蔥段、薑片\r\n3. 煮大概7.8分鐘就可以撈起來切自己喜歡的大小\r\n4. 淋醬完成'),
(112, '老皮嫩肉', 120,  '1. 將雞蛋豆腐分切成大塊狀，再用紙巾把表面水分擦乾\r\n2. 油鍋加熱至約190度，放入雞蛋豆腐，炸至表面金黃色取出\r\n3. 把醬油、溫水、蒜泥、蔥花、烏醋、辣油、辣椒粉，攪拌均勻後，淋在炸好的豆腐上即完成囉'),
(113, '泡菜雞胸肉', 166,  '1. 先爆香蔥白\r\n2. 加入已用鹽和胡椒醃好的雞胸肉絲\r\n3. 先將泡菜炒香後再和半熟的雞胸肉ㄧ起拌炒，可在起鍋前再加1/5茶匙的鹽會更鹹香。'),
(114, '塔香牛肉', 155,  '1. 檸檬壓汁備用，大蒜切片。\r\n2. 將牛肉、九層塔和1茶匙橄欖油混合均勻，冷藏醃製30分鐘。\r\n3. 中大火熱鍋後倒入1匙油，蒜片下鍋爆香。\r\n4. 醃好的肉片連九層塔下鍋拌炒，肉片8分熟時，再加入醬油、鹽和檸檬汁翻炒均勻。\r\n5. 最後視個人口味灑上辣椒片就完成囉。'),
(115, '蔥肉捲', 148,  '1. 食材準備：培根肉、青蔥\r\n2. 將青蔥切段，取適量放置培根肉上，再將青蔥捲起。\r\n3. 將肉捲放入平底鍋煎至焦黃 熟透即可食用。'),
(116, '香煎胡椒蝦', 132,  '1. 熱油熱後加入一丁點的花椒炒香 將蝦子一隻一隻平放下去煎\r\n2. 加鹽 加入胡椒顆粒。\r\n3. 呈現紅色後即可翻面。\r\n4. 翻面後同樣+1次鹽及胡椒顆粒\r\n5. 中小火蓋鍋悶一下，悶一下就關火，關火後可再小小悶一下\r\n6. 完成'),
(117, '蘿蔔糕', 205,  '1. 蘿蔔切塊放入果汁機，加入水打成汁，比例約7杯水\r\n2. 在來米粉加入約5杯水調勻，然後再與步驟一的蘿蔔汁混合，再加入鹽\r\n3. 以中小火煮成「粉漿」，過程需持續攪拌\r\n4. 用餐巾紙將電鍋內鍋均勻抹上油，再倒入步驟三的粉漿\r\n5. 倒入後鋪平，用食用油抹平。外鍋加1.5杯水，蓋上內鍋蓋，放入電鍋蒸煮。等到電鍋跳起來後，再悶個30分鐘就完成囉！'),
(118, '脆皮燒肉', 547,  '1. 抹上鹽巴米酒並按摩一下肉，在加一些些五香粉，靜置約15-20分讓肉入味，準備下鍋時沾地瓜粉，放約一分鐘讓粉受潮就可以下鍋煎\r\n2. 小火煎到肉變金黃色即可翻面\r\n3. 用筷子挫肉若能挫進去就代表肉已經熟了，切片就可以吃了'),
(119, '清蒸螃蟹', 102,  '1. 螃蟹洗乾淨，放入電鍋，外鍋1杯的水，內鍋只放螃蟹頭要朝下\r\n2. 排好下薑片/米酒\r\n3. 等電鍋跳起 蒸熟即可。'),
(120, '蔥油餅', 450,  '1. 把材料均勻混合後，最後加入油揉到三光靜置十分後分成六份，滾成小圓，蓋上保鮮膜，靜置20分鐘\r\n2. 小面?，橄平 ，塗上油-灑上塩、胡椒粉-蔥花，往上捲成長條，再捲成麵糰樣 盆底抹一點油 蓋上蓋子送入冰箱醒3-5小時\r\n3. 每一個面?壓平後放入凍櫃，隋時想吃都有  小火慢煎，很香很好吃哦'),
(121, '香煎椒鹽雞蛋豆腐丁', 120,  '1. 雞蛋豆腐切成丁狀，熱鍋適量油煎至金黃色\r\n2. 蔥白末、蒜末爆香…輕輕與豆腐拌炒均勻（喜歡吃辣的一同放入辣椒拌炒\r\n3. 加入一小撮鹽巴、灑上多點胡椒鹽\r\n4. 起鍋前綠蔥花放入拌一下就可以起鍋囉\r\n5. 香煎椒鹽雞蛋豆腐完成嚕'),
(122, '洋蔥煎蛋', 103,  '1. 蛋液裡加鹽巴味精攪拌均勻\r\n2. 起鍋。倒麻油。先下大蒜。紅蘿蔔。洋蔥\r\n3. 倒入蛋液，煎到有一點點的微焦\r\n4. 煎完後可再淋醬油即可。'),
(123, '泡菜蝦仁煎餅', 179,  '1. 蝦子去殼切小塊 泡菜切小塊  洋蔥切碎末\r\n2. 煎餅粉加水拌至無顆粒狀，再將處理好的料加入拌勻。\r\n3. 平底鍋放多一點油燒熱轉中小火，用湯匙舀麵糊至鍋裡，再用湯匙鋪平成小圓餅狀。慢煎至兩面酥脆即可。'),
(124, '咖啡豆餅乾', 83,  '1. 咖啡粉和熱水混勻備用\r\n2. 室溫軟化無鹽奶油加糖粉攪勻\r\n3. 加入一顆蛋黃攪勻\r\n4. 加入咖啡水攪勻\r\n5. 低筋麵粉和可可粉過篩後混入拌勻\r\n6. 約10g一顆，搓圓壓線，用已預熱的烤箱 170度烤約15-17分鐘\r\n7. 放涼即可。'),
(125, '海帶蛋花湯', 22,  '1. 清洗海帶 準備一鍋水\r\n2. 放入海帶去熬煮至海帶變軟變透明放入豆腐攪拌關火\r\n3. 拌入蛋液放入蔥 完成'),
(126, '香煎中華雞蛋豆腐', 108,  '1. 中華雞蛋豆腐薄膜切開瀝乾水份（不然會油爆的很厲害）\r\n2. 切片入油鍋，煎至兩面金黃色即可\r\n3. 撒些蔥花、辣椒即可不撒蔥花也行。中華雞蛋豆腐本身油鹹，不需調味，喜歡吃鹹一點的人也可沾少許醬油膏'),
(127, '乾煎義式雞腿排', 156,  '1. 腿排買回來洗淨後抹上適量海鹽加義式香料，這樣就可放冷凍保存，前晚放冷藏退冰，隔日直接用不沾鍋雞腿表面水份用廚房紙巾壓乾，雞皮的面先朝下先煎。\r\n2. 將雞皮那面煎焦香煸出雞油，看到邊邊呈現焦狀即可翻面，一樣蓋鍋中小火慢慢焦，熟成後我會再將雞皮的那面再次煎一次，火開大一點6-10秒逼一下表面油脂，就完成囉！\r\n3. 可另外撒上七味唐辛子和洋香菜葉提香。'),
(128, '髒髒包', 103,  '1. 蛋液裡加鹽巴味精攪拌均勻\r\n2. 起鍋。倒麻油。先下大蒜。紅蘿蔔。洋蔥\r\n3. 倒入蛋液，煎到有一點點的微焦\r\n4. 煎完後可再淋醬油即可。'),
(129, '釀豆腐', 132,  '1. 用醃料與免治豬肉拌勻，醃30分鐘\r\n2. 將豆腐切塊，然後用廚紙吸乾水份，再挖出小部份豆腐\r\n3. 在豆腐上塗少許太白粉，再加上豬肉，壓實\r\n4. 燒熱鍋後下油，下豆腐（先煎豬肉那面），再煎至每邊金黃色'),
(130, '味噌豆腐湯', 350,  '1. 豆腐用刀劃邊，倒出來，平鋪切片切塊，煮熱水＋洋蔥去滾開，水滾加入味噌，拌均勻，最後加豆腐及蔥花跟香油即可'),
(131, '辣味青椒鑲肉', 400,  '1. 將青椒頭蓋部切掉，中間挖空，洗淨備用。\r\n2. 混合肉餡：將洋葱切細丁，把青椒頭部切下來的部分，去掉黑色的蒂頭，把四周可食用的部分切細丁，全部和肉餡材料混合，混合至肉餡發白為止。然後把肉餡塞入青椒中。\r\n3. 將鍋中放入醬汁材料，再把青椒排好放入鍋中，用中大火煮滾，用筷子輕輕翻面，滾開之後，蓋上蓋子，轉中小火煮約5到6分鐘，中途要記得幾次翻面，讓醬汁充分和青椒燒入味。\r\n4. 時間到後，把青椒排盤，上面淋上醬汁即可享用。'),
(132, '銀耳燕麥粥', 145,  '1. 紅豆洗淨用清水浸泡2小時\r\n2. 銀耳浸泡後洗淨 , 去黃色的蒂頭後 , 切碎\r\n3. 紅豆浸泡的水倒掉 , 再加入清水約800cc , 並把切碎的銀耳加入 , 放入電鍋中 , 外鍋加入三杯水\r\n4. 跳起後 , 外鍋再加入三杯水 , 繼續再煮一次 , 第二次跳起後 , 加入燕麥片和糖 , 外鍋加入2杯水再煮一次\r\n5. 跳起後即可取出裝碗 , 灑上黑芝麻粉拌食即可。'),
(133, '海帶豆腐湯', 234,  '1. 豆腐切丁狀，蔥切成蔥花\r\n2. 電鍋內鍋放入豆腐、海帶芽及適量的水，加入鹽調味，外鍋用1杯水煮\r\n3. 電源開關跳起來後，灑上蔥花及胡椒粉拌勻即可'),
(134, '火腿起司蛋三明治', 274,  '1. 吐司去邊。烤一下\r\n2. 2顆蛋攪拌均勻。煎2片蛋皮備用。 火腿煎一下較香。也可不煎。\r\n3. 第一片吐司單面抹沙拉醬。放上火腿。起司。 第二片吐司雙面抹沙拉醬。蓋上【1.】第3片吐司單面抹沙拉醬。放上火腿。蛋皮。再加上蕃茄醬。把【2.】蓋上【3.】5.對切方便食用。'),
(135, '鹽昆布炒烏龍麵', 700,  '1. 煮烏龍麵，紅蘿蔔切絲，將高麗菜切成好入口大小\r\n2. 在炒鍋裡倒入麻油，大火放入紅蘿蔔翻炒，接著加入高麗菜，繼續翻炒\r\n3. 放入煮好的烏龍麵及鰹魚醬油露，拌炒\r\n4. 最後放入鹽昆布拌勻就完成了'),
(136, '涼拌柚香蓮藕', 67,  '1. 食材切片\r\n2. 川燙1分鐘撈起\r\n3. 放入冰開水冰鎮\r\n4. 醋和柚子醬調勻倒入蓮藕攪拌靜置數分鐘即可食用。'),
(137, '蒜炒小白菜', 44,  '1. 白菜洗淨用折的紅蘿蔔切絲。大蒜切絲\r\n2. 起鍋。倒入約50元大小的香油，再放大蒜爆香，拌炒一下。再放紅蘿蔔。\r\n3. 放入小白菜，炒一下。倒入食用水。蓋上鍋蓋切大火悶煮3分鐘⋯\r\n4. 見菜根邊緣有點透明化了，而鍋裡的湯汁少很多了就可以加鹽巴，胡椒粉。再拌炒一下。就可以盛盤囉'),
(138, '豆腐煎蛋', 150,  '1. 豆腐切塊抹上鹽，雙面煎黃，加入蒜頭炒香，將蛋打散，到入蛋，煎至金黃即可。'),
(139, '木瓜牛奶凍', 154,  '1. 先將木瓜去皮，切開一半，用匙羹刮去木瓜籽，去囊。如想多放點奶涷，可刮去一上木瓜肉\r\n2. 用小鍋煮熱牛奶，下糖，煮至糖溶化，再加入吉利丁粉，不停攪拌至完全溶化即可\r\n3. 將牛奶倒入木瓜內，待涼後放入冰箱冷藏一小時以上至奶凍完全凝固\r\n4. 請享用。'),
(140, '小松菜鴻禧菇', 148,  '1. 清洗小松菜與鴻禧菇，蒜頭拍末切細丁，培根切細塊\r\n2. 熱鍋下橄欖油，加入蒜頭末炒香\r\n3. 炒香蒜末後加入培根塊\r\n4. 加入鴻禧菇與醬油，拌炒讓鴻禧菇上色\r\n5. 加入小松菜與鹽巴拌炒\r\n6. 裝盒，常備菜完成！'),
(141, '自製優格', 66,  '1. 準備1000cc的鮮奶和3小瓶AB優格\r\n2. 將優格到進容器內\r\n3. 加入鮮奶，攪拌均勻\r\n4. 倒入玻璃器皿\r\n5. 放入電鍋或電子鍋內保溫6～8小時。'),
(142, '番茄肉醬義大利麵', 770,  '1. 沒有吃完的家常肉燥半碗,番茄洋蔥都切小丁備用\r\n2. 先把洋蔥炒軟\r\n3. 加上番茄丁炒軟後,再加入2大匙的番茄醬,黑胡椒粉 和半杯的水煮滾\r\n4. 煮肉醬的過程中,先把義大利麵下水煮(我的義大利麵是煮7分鐘的,水中可以加一點鹽巴增加水溫讓麵容易煮透)\r\n5. 番茄洋蔥煮軟後,再把家常肉燥加進來炒肉燥到入味'),
(143, '蛋香煎鮭魚', 149,  '1. 鮭魚洗淨切成易入口大小，擦乾表面水分備用\r\n2. 取調理盆打散雞蛋，放入鮭魚塊攪拌一下\r\n3. 熱油鍋，夾起鮭魚塊放入鍋中，先將一面煎至金黃色後翻面蓋上鍋蓋以中小火煎3-5分鐘\r\n4. 魚熟後倒入剩於蛋汁，蛋熟即可。可依個人口味撒鹽、黑胡椒粉調味'),
(144, '番茄炒蛋', 678,  '1. 番茄屁股輕切十字，放入滾水中燙約1分鐘，再放入冰水中剝去皮，這步驟是讓口感能更順口，如果嫌麻煩也可以省略。\r\n2. 將蔥分開切成蔥花，番茄切成片狀，蛋和以下佐料一起打散，一小撮鹽和糖、少許白胡椒、幾滴米酒和醬油，如果沒有就加鹽糖也可以。\r\n3. 起鍋加入1大匙油，中火充份熱鍋後加入蛋液，用筷子略攪散至半熟立刻盛出。\r\n4. 蛋放一旁備用。\r\n5. 原鍋再加入少許油，爆香蔥白後加入番茄片、番茄醬和少許水，如果喜歡湯汁多一點，水量也可增加，加入水後要先嚐味道，酌量加鹽，怕酸的朋友也可以加一點糖。\r\n6. 加入蛋後用鍋鏟將蛋炒散開。\r\n7. 最後加入蔥花拌炒一下即可盛盤。'),
(145, '醬燒魚下巴', 245,  '1. 魚下巴切適當大小,蒜拍碎,蔥切末\r\n2. 熱鍋,放入些許油,放入魚下巴,魚皮朝下.\r\n3. 煎至表面上色,翻面再煎一下.\r\n4. 放入蒜頭,醬油,水,蠔油及些許糖,讓醬汁稍微煮至濃稠\r\n5. 煮至上色即可起鍋,起鍋後灑上蔥花即可。'),
(146, '西芹炒魚板', 194,  '1. 起由鍋放入蒜末爆香後將魚板放入一起炒香\r\n2. 將西洋芹切小段倒入後一起翻炒再倒入少許水燜煮一下加入調味料拌勻即可'),
(147, '蕃茄煨麵', 290,  '1. 將小蕃茄對半切，蔥白切段、蔥綠切花後備用\r\n2. 先將較多油脂的豬五花下鍋炒至出油後起鍋備用\r\n3. 蔥白和蕃茄下鍋煸炒，並炒出香氣\r\n4. 加入水，待水滾沸後把步驟2的肉片和麵條一起加入鍋中\r\n5. 等麵條煮到約9分熟，把蛋液倒入，並等待30秒讓蛋液定型後，加入適量的鹽巴調味，約略攪拌均勻後就可起鍋裝碗\r\n6. 最後依照個人喜好，灑上適量蔥花即可享用'),
(148, '蒸蛋豆腐', 197,  '1. 豆腐切塊打散的蛋加進去加點醬油胡椒粉拿去蒸 即可完成'),
(149, '馬鈴薯佐優格醬 ', 400,  '1. 小黃瓜、番茄切丁。\r\n2. 馬鈴薯去皮洗淨放進滾水中煮至全熟。\r\n3. 另起一滾水鍋川燙番茄與小黃瓜15秒。\r\n4. 15秒後取出，與優格混合拌均勻，下鹽、黑胡椒調味。優格建議使用原味並且味道不會過於獨特的品牌。例如水果口味或福樂等獨特性高的品牌可能會有改變整道菜風味的風險在。\r\n5. 把煮熟的馬鈴薯對開切，放進乾鍋中小火煎乾水份。'),
(150, '魚卵冷盤', 125,  '1. 把魚卵退冰、蔥切段、薑切片。\r\n2. 加一大匙米酒，放入電鍋或隔水加熱，約15分鐘\r\n3. 把魚卵撈出來、放在鍋裡煎。\r\n4. 煎到呈現金黃色撈出來切\r\n5. 盛盤擠美乃滋即可。'),
(151, '檸檬燻鴨', 240,  '1. 青椒切塊，紅蘿蔔切片\r\n2. 煎炸燻鴨後，切段備用\r\n3. 鍋中放100g的水和糖煮滾，再加入太白粉勾芡後，倒入檸檬汁\r\n4. 醬汁淋上燻鴨，撒上芝麻；青椒和紅蘿蔔汆燙後，排邊。'),
(152, '炒烏魚胗', 100,  '1. 新鮮烏魚胗洗淨切開口、蒜苗切斜片，蒜白蒜綠分開放、取5片薑片切成絲、辣椒去仔切成絲\r\n2. 起油鍋炒香薑絲和辣椒絲\r\n3. 倒入烏魚胗炒至白色\r\n4. 倒入米豆醬和一小碗水煮至水滾\r\n5. 放入蒜綠翻炒幾下\r\n6. 關火前放入蒜白拌勻即可起鍋。'),
(153, '薑絲炒大腸', 225,  '1. 老薑切成絲，接著將清理過且汆燙好的大腸切成約 1 公分小段\r\n2. 熱鍋下油後加入薑絲、辣椒絲煸香\r\n3. 放入大腸後倒入白醋及檸檬汁，再倒入醬油、鹽、糖、味噌後轉大火快炒幾下即可起鍋\r\n4. 炒大腸完成。'),
(154, '烤甜椒', 25,  '1. 甜椒整顆清洗不切開，放上爐臺用火烤至外皮焦黑\r\n2. 趁熱把甜椒外皮剝除，切條狀\r\n3. 加入橄欖油，紅酒醋，少許鹽，拌勻，即可食用。'),
(155, '夾心杯子蛋糕', 67,  '1. 鬆餅粉加牛奶或無糖豆漿拌勻，再加雞蛋拌勻，麵糊完成\r\n2. 巧克力，分別對切成6小塊\r\n3. 六格蛋糕模，分別放入杯子蛋糕紙模\r\n4. 用小湯匙分別加麵糊到杯子模中，一半高度\r\n5. 分別放入小小塊巧克力\r\n6. 再分別在加麵糊到8分滿\r\n7. 烤箱上下火力180度，烤25分鐘\r\n8. 出爐。'),
(156, '優格杯子蛋糕', 69,  '1. 取一篩網, 下面放一容器, 上頭鋪一層綿布, 倒入無糖優酪乳\r\n2. 濾出後的乳清喝起來像無糖養樂多, 很營養, 可加氣泡水調成微酸氣泡飲; 棉布將多餘水份擠出, 取固體為希臘優格 \r\n3. 希臘優格同蛋黃放入容器混勻\r\n4. 篩入低筋麵粉用矽膠刮到拌勻\r\n5. 取一調理盆, 倒入蛋白用電動攪拌器打發, 砂糖分兩次倒入, 打到呈絲緞般光澤~ 可拉起小彎勾成蛋白霜\r\n6. 蛋白霜取1/3倒入麵糊拌勻\r\n7. 再將麵糊倒入蛋白霜中, 用切拌炒菜的方式, 輕拌至無分色\r\n8. 裝入擠花袋中\r\n9. 烤膜紙放入烤膜中, 填入約七分滿\r\n10. 烤盤加水, 預熱至150度, 烤35分\r\n11. 烤盤取出, 移到上層烤5分鐘待表面上色\r\n12. 取出放涼, 即可享用。'),
(157, '薑絲炒麵腸', 142,  '1. 老薑切絲，麵腸切片\r\n2. 熱鍋，倒入少許油後，放入薑絲爆炒一下，讓薑的熱性出來\r\n3. 放入麵腸拌炒一下，即蓋上鍋蓋悶煮一下，這樣可以快點熟\r\n4. 不用悶煮太久哦～差不多熟時，倒入適量醬油再拌炒均勻，即可上菜囉！'),
(158, '豚骨拉麵', 312,  '1. 將麵條放入鍋子約煮到麵散開後\r\n2. 加入湯包\r\n3. 最後快起鍋前將肉片、筍乾過一下熱湯後即可起鍋。肉片、筍乾已熟，不需煮太久。'),
(159, '鳳梨苦瓜雞湯', 58,  '1. 苦瓜可以切薄片比較快熟，土雞腿肉可以川燙去血去渣\r\n2. 先把苦瓜川燙約10分鐘，確保放電鍋後有熟。鳳梨依照個人口味調整\r\n3. 把雞腿、苦瓜、鳳梨一起放電鍋蒸。發現鳳梨有點加太少，放到瓦斯爐在放點鳳梨煮一下。'),
(160, '九層塔煎蛋', 188,  '1. 食材準備-雞肉切塊、九層塔、雞蛋備用\r\n2. 將雞肉及九層塔加入蛋液，並加適量的鹽一起攪拌\r\n3. 鍋熱油\r\n4. 將攪拌好的蛋液倒入鍋中煎\r\n5. 兩面煎至金黃色即可上菜'),
(161, '蝦仁酥胡雷', 344,  '1. 蛋液與優格攪拌均勻後調味\r\n2. 蒜頭炒香蝦仁後倒入蛋汁\r\n3. 不斷攪動讓蛋液均勻受熱，差不多熟後放入起司再技巧性對半\r\n4. 當然無法完全像打發酥胡雷那樣蓬鬆但也是很有感了'),
(162, '中式烤雞腿', 156,  '1. 蒜頭、少許醬油、蠔油-加水淹過雞腿們。r\n2. 醃製一下午左右，放進烤箱250度烤20分鐘。'),
(163, '葡式蛋塔', 512,  '1. 雞蛋2顆打散加入砂糖50g打到砂糖溶化\r\n2. 加入牛奶60g、鮮奶油180g攪拌確定砂糖溶化\r\n3. 過篩，蛋塔水就完成了\r\n4. 起酥皮5片，退冰 5片起酥皮重疊，留2公分的空隙捲起 切6等份\r\n5. 起酥皮擀平，大張一點 放蛋塔膜\r\n6. 做好的蛋塔液倒餅皮上 烤箱先預熱上下火開220度 烤烘時間25分鐘'),
(164, '韭菜花辣炒肉絲', 160,  '1. 肉先用醃肉料醃，鍋內放一匙油爆香蒜末與炒香肉絲\r\n2. 絲炒至變白之後，放入調味料炒香炒至汁變少。\r\n3. 接著放入韭菜花炒熟即可\r\n4. 完成。'),
(165, '椒鹽炒雞丁', 344,  '1. 雞腿肉清洗後切件，用廚房紙印乾水分，加入醃料拌勻，放進冰箱裡約2個小時。然後，取出把太白粉加入雞腿肉拌勻。\r\n2. 下一點點油熱鍋，煎至兩面金黃色全熟，撈起備用。\r\n3. 同鍋倒入蒜末炒香，再加入辣椒、蔥花、雞腿肉拌勻，灑上適量的鹽翻炒拌勻即成。\r\n4. 盛盆，請享用！'),
(166, '香菇雞湯', 159,  '1. 香菇冷水浸泡，雞腿從軟骨處分切成兩大塊，一片薑\r\n2. 水滾將所有食材放入，蓋上鍋蓋續滾至雞肉軟化\r\n3. 熄火前加鹽調味即可 真的很簡單，大人小孩都喜歡，美味可口 沒空顧瓦斯爐的人，也可直接用電鍋煮，外鍋放1.5杯的水，電鍋開關跳起來後不要急著開蓋續悶10分鐘即可'),
(167, '辣味九層塔豬', 241,  '1. 醬油：米酒：水=1:1:2=15:15:30\r\n2. 熱鍋熱油，先煸香豬絞肉至金黃色\r\n3. 爆香薑、蒜、辣椒\r\n4. 爆香完成後加入調味醬（醬油、米酒、水）\r\n5. 醬汁收乾後，加入九層塔蓋上鍋蓋燜1分鐘\r\n6. 開蓋子翻炒一下就完成囉！'),
(168, '醬香南瓜蒸雞', 232,  '1. 去骨雞腿排去皮，處理成小塊\r\n2. 水乾淨塑膠袋中倒入醬油及水揉勻，再倒入雞腿塊揉勻，冷藏醃漬半小時以上\r\n3. 南瓜洗淨，對半剖開後取其中一半，去囊籽後帶皮切成適口大小\r\n4. 將醃好的雞腿排連同醃醬，與南瓜一起倒入電鍋內鍋中，稍微混拌均勻，再移至電鍋內\r\n5. 外鍋倒入200cc的水（食譜份量外），按下開關蒸至跳起即可'),
(169, '貢丸湯', 165,  '1. 準備一個湯鍋將玉米、白蘿蔔、洋蔥放入鍋內\r\n2. 倒入飲用水至2/3鍋的位置開始煮滾\r\n3. 煮滾後轉小火並加入調味料跟貢丸 調味料因每個人口味不同 可以邊加邊試味道\r\n4. 煮到貢丸微膨脹後關火 你的貢丸湯就完成囉！'),
(170, '蒜炒地瓜葉', 30,  '1. 蒜頭切末爆香\r\n2. 倒入地瓜葉拌炒\r\n3. 加點米酒 + 2碗水悶煮\r\n4. 加入鮮味炒手調味即可'),
(171, '四季豆炒鮮蔬', 153,  '1. 備料 -薑拍散 -將胡蘿蔔切片。 -四季豆我通常都用折的，一根折三次的長度，短的折兩次就好。-雞蛋打散，先不加調味料。\r\n2. 在乾鍋內放入少許油，以小火爆薑。\r\n3. 煮將備好的胡蘿蔔及四季豆放入鍋中，以中火拌炒。\r\n4. 加入約三分之一小鐵碗的水量，蓋鍋以中小火悶熟（顏色變深）。熟後盛盤放一旁。\r\n5. 鍋子洗淨，洗淨後用火烘乾。烘乾後以小火熱油，接著將蛋液倒入鍋中，待稍微成形時翻炒。炒至七分熟。\r\n6. 將一旁的胡蘿蔔及四季豆倒進炒菜鍋，翻炒至全熟。\r\n7. 灑上調味料，完成！'),
(172, '炒豆芽菜', 78,  '1. 熱油後放入豆芽菜\r\n2. 加入水，並蓋上鍋蓋至豆芽菜熟\r\n3. 打開鍋蓋拌炒一下\r\n4. 加入鹽巴及黑胡椒粒調味\r\n5. 起鍋盛盤就完成囉。'),
(173, '醬燒海苔煎雞胸', 250,  '1. 將海苔剪至可包覆雞胸肉大小 雞胸肉切塊 捲起\r\n2. 中強火熱鍋後，加入少許橄欖油\r\n3. 將海苔雞胸平放後，沿著鍋緣倒入米酒\r\n4. 接著倒入醬油後，轉中小火蓋鍋悶約1-2分鐘。接著再將雞胸肉均勻翻面至醬油均勻上色，等稍微收汁一下就完成啦'),
(174, '麻油絲瓜', 41,  '1. 將枸杞泡水 先下點沙拉油爆香薑片\r\n2. 鍋內接著下切好的絲瓜\r\n3. 翻炒一下後加入一些泡枸杞的水，加蓋燜煮至絲瓜呈現半透明狀，大概5～6分鐘即可\r\n4. 倒入枸杞，加入鹽和麻油再悶0.5～1分鐘即可起鍋'),
(175, '腐乳拌甜菠菜', 65,  '1. 把甜菠菜葉從硬梗上拔下來，洗淨備用\r\n2. 小半鍋水加入一匙鹽，水滾後汆燙甜菠菜一兩分鐘到顏色變深微軟，撈出瀝乾。\r\n3. 趁熱加入一塊豆腐乳（可先壓扁更容易拌）拌勻即可\r\n4. 完成。'),
(176, '上海菜飯', 381,  '1. 米先泡水約半小時 煮好後不開鍋悶半小時\r\n2. 蒜頭切細末切段 火腿切碎\r\n3. 蒜頭爆香後下火腿 炒到有點焦之後 放青江菜快炒後拌入白飯即可上桌'),
(177, '薑絲炒大黃瓜', 580,  '1. 大黃瓜去籽切薄片，比較快入味，薑片切絲爆香，加入黃瓜和蔥花拌炒，加鮮味炒手提味即可。'),
(178, '地瓜球', 181,  '1. 除了牛奶之外，把蒸熟還熱熱的地瓜和地瓜粉混合\r\n2. 慢慢加入一些牛奶，讓麵團成團\r\n3. 將麵糰自由切成不同等份，每等份揉成條狀 切成一小塊 每塊揉成圓球狀 \r\n4. 起油鍋，小火，油溫大概130度的時候可以丟入地瓜球\r\n5. 大約油炸1分鐘後，可以用濾網或湯匙稍微把地瓜球往下壓，一定要記得做這個動作，之後地瓜球吃起來才會QQ的\r\n6. 壓完之後轉大火，直到地瓜球全數浮起就可以撈起'),
(179, '青江菜炒香菇', 80,  '1. 依序下香菇、青江菜比較硬的梗、最後再下葉子，加一點水，用鮮味炒手和鹽巴調味即可。'),
(180, '大黃瓜雞湯', 250,  '1. 市場買的雞腿肉請老闆切塊；如果冷凍記得泡水退冰，天氣熱，很快就變軟了！之前懶惰直接冷凍煮，肉質吃起來差很多，浪費了昂貴的雞腿肉食材！一定要退冰變軟喔。\r\n2. 金針菇尾巴切掉，洗淨泡水。（看自己喜歡加什麼，我想保留雞湯還有黃瓜味道，就放不搶味的金針菇）大黃瓜削皮、對切、變成兩半、把籽挖掉，然後切片，變成U字形的大黃瓜，依照喜好切自己喜歡的厚度。\r\n3. 煮水滾下雞腿肉，滾了把髒泡泡撈掉，然後下薑，又會有泡泡髒泡泡再撈掉，下大黃瓜、金針菇、鹽巴，蓋鍋蓋煮十分鐘！關火就有鮮美的雞湯囉！'),
(181, '鹹豬肉', 139,  '1. 將帶皮五花肉用米酒擦洗豬肉外表，再用廚房紙巾擦乾表面。\r\n2. 將所有醃料混合後,用調理機打細碎,沒有調理機的就用手工切碎蒜頭後混合所有醃料、米酒備用。\r\n3. 綜合醃料均勻地塗抹到五花肉 \r\n4. 將五花肉條放進塑膠袋或密封保鮮盒當中，若有多餘的醃料再平均分配到保鮮盒中。\r\n5. 密封好，將鹹豬肉擺至冰箱冷藏2~3天入味.若做更厚片的五花肉須延長醃肉時間。記得每天給它按摩、翻轉一下唷！\r\n6. 取出醃製好的鹹豬肉，用過濾水洗淨表面醃料，再用廚房紙巾擦乾\r\n7. 烤箱設定200度C，免預熱放入烤約10分鐘。依照肉的厚度以及家裡烤箱再自己調整。\r\n8. 將烤好的肉切片放入平底鍋煎一下，讓兩邊產生梅納反應，而且有金黃酥脆的樣子就可以囉。不用加油。五花肉本身油很多'),
(182, '清炒雪裡紅', 90,  '1. 雪裡紅洗淨切細。蒜：切碎。辣椒：半根，切細。\r\n2. 炒鍋熱油後加蒜及辣椒爆香\r\n3. 加入雪裡紅及1匙炒手翻炒炒熟\r\n4. 完成。'),
(183, '三色蛋', 185,  '1. 皮蛋跟鴨蛋滾水煮10至15分,拿出切碎。\r\n2. 將蛋白與蛋黃分開。\r\n3. 在等等要裝入蛋液的容器底部鋪上烤紙,幫助脫模。 \r\n4. 烤紙鋪平後,將切碎的鴨蛋跟皮蛋一層層疊鋪整齊。\r\n5. 鋪完應該要呈現這種層次,加入蛋白。\r\n6. 放置電鍋蒸15分鐘,記得在鍋蓋放根筷子或留一個小空洞,蛋才不會爆炸或是不美觀喔~~~15分鐘完成後加入剩下的蛋黃~蒸12-15分鐘。\r\n7. 最後在電鍋悶五分鐘,拿出稍微放涼,即可脫模切片嘍！'),
(184, '正子大黃瓜排骨湯', 500,  '1. 買回來的排骨退冰，用水沖洗\r\n2. 裝水燙一次，把髒東西燙掉。燙完後把髒水倒掉、再次沖洗肉\r\n3. 水裝八分滿，放進電鍋開始煮湯。外面水放一杯。這步驟是為了先讓肉煮爛、好了再把黃瓜接著煮\r\n4. 電鍋跳起來了，就可以放黃瓜再煮第二次\r\n5. 大黃瓜削皮去頭尾，然後把中間的籽挖掉(因為不好吃)'),
(185, '絲瓜炒蛋', 62,  '1. 薑，切成薑絲。辣椒切片備用\r\n2. 絲瓜，輕輕刨去外皮後切塊。雞蛋，加入1/8小匙鹽(份量外)打勻後備用\r\n3. 鍋中倒入2大匙油，待油熱時，倒入雞蛋液，用鍋鏟或筷子弄散，炒到蛋香味出來略為上色，即可起鍋備用\r\n4. 用原鍋，再倒入一點油，放入薑絲爆香，再放入絲瓜炒一下，加入約80C.C熱水以及剛才炒好的蛋和辣椒片，蓋上鍋蓋悶煮一會，煮到絲瓜軟化，可試一下味道後，再加入鹽調味\r\n5. 完成。'),
(186, '大黃瓜排骨湯', 71,  '1. 拿出食材\r\n2. 排骨先燙過去血水\r\n3. 大黃瓜去籽切塊\r\n4. 起一鍋新的水淹過排骨，煮滾\r\n5. 煮個15分，排骨香味會出來'),
(187, '麻醬麵', 500,  '1. 煮一鍋水，水滾後放入生麵條煮8分鐘左右\r\n2. 等麵條煮熟的同時，開始調麻醬。將上述材料混合在一起，拌勻\r\n3. 將熟麵條撈起，淋上麻醬，灑上蔥花。即可享用'),
(188, '培根四季豆', 220,  '1. 四季豆洗淨剝除兩旁粗纖維，斜切。培根剪成約兩指寬度\r\n2. 冷鍋不用油直接下培根，用中火把培根的油慢慢逼出來之後下四季豆拌炒\r\n3. 加了約莫一湯匙的水讓四季豆快點熟，拌炒一下就完成囉！'),
(189, '蔬菜烤蛋', 150,  '1. 將洋蔥、番茄切細碎，蔥切珠\r\n2. 烤盤刷油，放所有料在加上蛋液，8分滿就好，撒鹽，入烤箱200度15分鐘'),
(190, '辣酸菜豬血', 217,  '1. 酸菜以冷水川燙，水滾後五分鐘，即可熄火，撈起。\r\n2. 豬血加鹽滾水川燙（小火）10分，撈起後以冷水沖洗。\r\n3. 將薑爆香，酸菜下鍋拌炒（小火）,放入辣豆瓣與辣椒醬，炒一下子，放入豬血，加入米酒、水、調味料悶煮五分即可上桌。'),
(191, '蘿蔔絲餅', 280,  '1. 白蘿蔔刨成絲後加入蔥末和雞蛋ㄧ顆，蘿蔔絲越多蔥末和雞蛋可增加⋯⋯加入低筋麵粉2大匙\r\n2. 加入鹽巴調味後，慢慢倒入適量的水調成糊狀即可\r\n3. 不沾平底鍋少油乾煎，亮面酥脆口感即可 完成！'),
(192, '麻油蝦', 80,  '1. 將適量枸杞泡米酒備用。\r\n2. 將薑片用小火煸到邊邊稍微捲曲後倒入麻油。\r\n3. 麻油香氣出來後倒入米酒及枸杞。\r\n4. 滾了之後加入蝦煮至熟透即完成。'),
(193, '薑絲大腸', 190,  '1. 薑絲切絲、大腸洗淨切塊\r\n2. 薑絲、醬油、鹽巴、少許味素、水入鍋稍微烹煮後加入大腸不可翻炒蓋鍋蓋大火烹煮\r\n3. 大腸捲起加入醋即可。'),
(194, '香烤起司茄子', 172,  '1. 將茄子洗淨、切半，再將茄子肉挖出來\r\n2. 將挖出來的茄子肉切小塊，放入鍋內，加入櫛瓜和蕃茄，用中火煮約10分鐘\r\n3. 將蔬菜放入茄子內，再在上面灑上起司碎，放入已預熱200度C烤箱，烤約20分鐘即成！'),
(195, '鹹水鴨', 100,  '1. 乾鍋煸香八角,花椒,月桂葉,塩巴\r\n2. 煸過的香料抓醃鴨子,內外都外塗抹\r\n3. 將薑片及蔥塞入鴨肚內，用保鮮膜封好，放冰箱冰藏二至三天醃漬！\r\n4. 二至三天後，準備蒸鍋燒水\r\n5. 水滾後,將鴨子放入蒸鍋中,蓋上鍋蓋,轉中小火,蒸半小時後,將鴨子翻面,續蒸半小時,關火,悶十分鐘,\r\n6. 將鴨子取出,放涼!風乾約4小時後即可切盤!'),
(196, '滷肉飯', 440,  '1. 洋蔥切小丁，絞肉、醬油、水，全部加在一起啦啦勒，開火煮滾，續滾10分鐘即可～'),
(197, '蒸布丁', 94,  '1. 洋用熱水將糖溶化 倒入牛奶繼續攪拌 再將蛋液加入攪拌。\r\n2. 過篩3～4次 倒入容器中 包鋁箔紙。\r\n3. 放入電鍋，外鍋加三杯量米杯的水等待約1小時就完成囉！'),
(198, '蜂蜜蛋糕', 279,  '1. 蛋黃、融化奶油、牛奶放一起攪拌均勻 蛋白另外放 麵粉過篩加入蛋黃麵糊 攪拌均勻\r\n2. 蛋白先打至粗泡泡 分2次加入蜂蜜繼續打發 打至微微有彎勾 1/3打發蛋白加入蛋黃麵糊拌勻 加入剩下的蛋白拌勻\r\n3. 入模震出氣泡 上火150/下火170烤35-40分鐘 烤完倒扣放涼即可 切片～'),
(199, '紹興東波肉', 285,  '1. 將五花肉切塊\r\n2. 用綿線將四週綁好，固定型狀\r\n3. 將綁好的五花肉移入鍋內，加清水蓋過五花肉\r\n4. 用最小火加熱冷水鍋，直到鍋內水滾約2~3分鐘後，取出五花肉。\r\n5. 蔥洗淨後，去除頭部，切成三段。薑切片備用\r\n6. 取平底鍋加入沙拉油，用小火加熱就好，待油溫熱了之後，將燙煮過的五花肉四面微煎定型後，先取出另外放置。\r\n7. 鍋內留少許油，加入少量冰糖，炒到冰糖溶解後，倒入可樂200cc及醬油200cc、紹興酒200cc。\r\n8. 醬汁煮滾後倒入深鍋內，再放入五花肉、蔥段、薑片、八角，並加入清水，蓋過五花肉為止。\r\n9. 滷2個小時，每半小時翻一次面，確認每一面都有滷的醬汁。可以用筷子刺穿五花肉，確認五花肉已夠軟，息火放涼後冰入冰箱冷藏一晚\r\n10. 食用時將棉線剪掉，也可切成四等份好取用喔。'),
(200, '豆乳肉燥', 384,  '1. 豬絞肉先用米酒醃一下。攪拌一下去腥味。等10分鐘。\r\n2. 起油鍋。加入切碎的大蒜。豬絞肉放入翻炒到半熟。放入玉米。\r\n3. 再放入豆腐乳跟罐頭裡的湯汁⋯因爲我煮的肉燥不多，所以只放一塊。其實可以放個2塊再下去拌炒到豆腐乳溶化是最有味道的唷。\r\n4. 把蔥切碎加入拌炒一下，直到肉燥熟了就可以盛盤了。'),
(201, '塔香炒肉片', 114,  '1. 將嫩薑切成細絲備用 九層塔薑葉子剪下來洗淨備用。\r\n2. 起油鍋將肉片加鹽、西班牙甜椒粉、橄欖油拌勻後放置20分鐘。\r\n3. 熱鍋後倒入橄欖油，薑嫩絲放入拌炒 倒入肉片炒到全熟。\r\n4. 放入九層塔拌炒一下，即可熄火起鍋。'),
(202, '浦燒鯛魚', 309,  '1. 先把食才備料！鯛魚切好～醬汁全放在一鍋裡，開中小火滾！\r\n2. 滾開後放入鯛魚片，持續以中小火或小火熬煮\r\n3. 煮到醬汁整個變黏稠狀即可！中間可用筷子輕輕替鯛魚翻面。\r\n4. 把醬汁也一起帶上盤，醬汁加在飯裡也很對味唷！'),
(203, '金莎香菜筊白筍', 357,  '1. 滾刀切筊白筍川燙好備用\r\n2. 鹹鴨蛋蛋黃蛋白分開備用\r\n3. 香菜洗淨切末備用\r\n4. 適量油熱鍋，鹹蛋黃炒至起泡\r\n5. 下川燙好的筊白筍拌炒再加入鹹蛋白碎拌炒\r\n6. 起鍋前加入香菜末拌炒即可美味上桌囉！'),
(204, '味噌鯛魚', 209,  '1. 首先先備好食材。切好鯛魚、蔥段。\r\n2. 把雞湯塊化成220G的高湯，並加入味噌醬料攪拌均勻！\r\n3. 再把蔥段、蒜末一起丟入鍋中爆香！加入鯛魚！加入味噌醬料。\r\n4. 完成！'),
(205, '豆渣香蔥菇餅', 473,  '1. 青蔥切細，香菇泡軟切絲備用\r\n2. 豆渣，麵粉，鹽巴些許，蛋，青蔥，香菇，拌勻，至不黏手\r\n3. 熱鍋，些許油，小火，正反煎至金黃色，即可。'),
(206, '蔭樹子蒸魚', 166,  '1. 薑切片舖底再放上魚片，蔥切末備用\r\n2. 淋上米酒、蔭樹子、白胡椒粉、些微鹽，蒸20分鐘\r\n3. 灑上蔥花，甘甜鹹香的蔭樹子蒸魚就完成囉!'),
(207, '吻仔魚蔥花蛋', 198,  '1. 將吻仔魚炒香盛起備用 青蔥切蔥花備用。 \r\n2. 碗裡將雞蛋與牛奶、鹽攪拌均勻後加入吻仔魚與蔥花拌一下。\r\n3. 熱鍋後倒入橄欖油，將雞蛋液倒入煎2分鐘 翻面後，將雞蛋煎到全熟呈現金黃色即完成。'),
(208, '蔥蒜炒磨菇', 79,  '1. 鍋子燒熱，放入橄欖油 \r\n2. 將蘑菇放入鍋中翻炒。\r\n3. 加入奶油，轉小火炒3~5分鐘 加入少許鹽。\r\n4. 將青蔥切小丁放入，熄火，翻炒1分鐘即完成。'),
(209, '蘋果馬鈴薯優格沙拉', 111,  '1. 蘋果和馬鈴薯削皮後切丁\r\n2. 先將蘋果跟馬鈴薯均勻放入食物容器\r\n3. 按下蒸煮鍵，設定20分鐘，再按開始鍵\r\n4. 蒸煮完成，按壓攪拌鍵5至10秒\r\n5. 完成後拌入原味優格後即可食用。'),
(210, '鮮炒蛤蠣', 80,  '1. 起油鍋下薑跟蒜爆香\r\n2. 平均把蛤蠣放入鍋裡，盡量別重疊。\r\n3. 加食用水，水量到蛤蠣的一半就好，不要倒太多水，蛤蠣會出水。等等還要加醬油跟酒，都是水份。所以不用加太多水。\r\n4. 加醬油跟米酒。開大火蓋上鍋蓋（約1分鐘）讓酒跟醬油悶一下。\r\n5. 看到蛤蠣已經開一半了。馬上放九層塔，開大火拌一下。約1分鐘。直到全開且都沾到醬汁就可以熄火了。盛盤。'),
(211, '竹筍排骨湯', 170,  '1. 筍切塊\r\n2. 排骨過水川燙\r\n3. 冷水蓋過筍，中偏小火煮10分鐘\r\n4. 排骨放進去，續煮個10分鐘\r\n5. 灑鹽調味\r\n6. 完成。'),
(212, '蛤蜊鯛魚粥', 70,  '1. 蛤蜊泡至鹽水1-2小時吐沙 鯛魚、薑切片 蔥白切珠\r\n2. 所有食材放入米中加8杯食用水 電鍋外鍋一杯半水煮\r\n3. 待電鍋跳起加入1小匙烹大師及適量鹽巴'),
(213, '香菇炒糯米椒', 63,  '1. 將糯米椒茄成細條狀，香菇切去根部後切絲備用。\r\n2. 熱鍋後倒入橄欖油，放入香菇用小火翻炒2分鐘。\r\n3. 放入糯米椒一起炒5分鐘，加鹽調味，拌炒均勻即完成。'),
(214, '照燒雞翅', 170,  '1. 雞翅洗淨後用醬油、米酒、鹽、糖、胡椒粉醃至少一個小時\r\n2. 醃好的雞翅用中小火慢煎，煎至兩邊呈金黃色即可\r\n3. 煎過的雞翅用廚房紙吸一下油\r\n4. 中火燒熱鍋，將醃雞翅的醬汁倒入，煮熱後放入雞翅，轉中小火慢煮。煮的時候雞翅要不時翻面，讓兩邊都能入味\r\n5. 煮至醬汁收稠後即可。'),
(215, '蝦扯蛋', 242,  '1. 將去掉腸泥的蝦仁。放入碗中，倒入米酒，加些鹽巴，攪拌均勻後放入冰箱。等後面要準備的食材都準備好了。蝦仁也差不多醃好了。可以煮了。\r\n2. 等醃蝦仁時間開始準備其它配料吧。。。紅蘿蔔切碎丁。 大蒜切碎，起油鍋。爆香。 \r\n3. 紅蘿蔔丁放入翻炒 將蝦仁放入鍋裡炒ㄧ炒，炒到半熟半透明時，把蝦仁推到鍋邊。雞蛋打散加入半米杯的水，攪拌，這樣蛋會比較有水份。\r\n4. 炒到蛋熟了。蝦紅了就調味：鹽巴，香油。黑胡椒之後就先盛盤 先把蛋放盤子裡。蝦仁先不要盛盤。 \r\n5. 先放蛋⋯再鋪起司乳酪絲⋯ 再放入蝦仁。 \r\n6. 放入電鍋，電源開啟，加入不到一半的米杯水。等跳起撒些起司粉就可以扯蛋囉'),
(216, '四季豆炒杏鮑菇', 180,  '1. 四季豆切段，杏鮑菇切條狀，紅蘿蔔切片狀，蒜頭切末\r\n2. 電鍋外鍋鋪上烘焙紙，按下電源開關，倒入適量的油，放入蒜末炒香\r\n3. 承上放入紅蘿蔔、杏鮑菇拌炒，再下四季豆及調味料，蓋上鍋蓋燜煮6分\r\n4. 開蓋後，拌炒均勻即可'),
(217, '蕃茄蛋花湯', 13,  '1. 滾水後放入雞腿肉做高湯底\r\n2. 等到雞湯底味道出來後(約10分鐘)，加入切番茄繼續熬煮\r\n3. 等到番茄味道出來後 (番茄已有點軟爛了, 番茄皮有點皺起來)，這時候番茄和高湯的味道會融合在一起～\r\n4. 打一顆蛋，攪拌均勻後撒入湯中。最後加上一點蔥花，即可熄火上桌囉！'),
(218, '夏威夷吐司', 150,  '1. 用吐司代替麵皮，可以大大提高成功\r\n2. 把培根切丁、中間放鳳梨片\r\n3. 吐司下放烘培紙，上面鋪滿起士，火力180/6分鐘\r\n4. 裝盤，再加上胡椒粉提味即可。'),
(219, '起司豬肉捲', 245,  '1. 先煎豬肉片至兩面熟後加入黑胡椒 和少許鹽巴\r\n2. 接著加上起司 捲起來後即可食用囉！'),
(220, '香蕉鬆餅', 245,  '1. 將香蕉用叉子搗成泥放旁邊備用 先將蛋打散 加入低筋麵粉 \r\n2. 拌勻成麵糊 加入香蕉泥攪拌均勻 \r\n3. 準備一個不沾平底鍋或煎盤，開中火預熱 鍋子熱後，用湯匙舀起麵糊，倒入鍋中 \r\n4. 等到邊邊凝固，表面有點泡泡，冒出一點點白煙  翻面再煎一分鐘，就可以起鍋啦'),
(221, '肉粽', 381,  '1. 三層肉滷至上色備用\r\n2. 油蔥酥、香菇炒香\r\n3. 糯米加少許醬油上色\r\n4. 通通放到粽子裡。'),
(222, '玉米煎餅', 248,  '1. 把麵粉過篩 加入蛋液，玉米拌勻 \r\n2. 拌拌勻後會呈現濃稠狀，依自己喜歡的口感加入適量牛奶  \r\n3. 依個人喜好甜度加入適量糖半勻 (加入黑糖會有淡淡的黑糖的香味！)\r\n4. 熱油鍋，放入麵糊 煎到兩面成金黃色時就可起鍋囉'),
(223, '杏鮑菇鮭魚拌飯', 140,  '1. 鮭魚放在烤盤上，正反面各淋一瓶蓋的米酒及抹上一些鹽巴、胡椒\r\n2. 滾切一根杏鮑菇，同鮭魚放在烤盤上用小烤箱一起烤10-15分鐘\r\n3. 等待期間將另一根杏鮑菇切碎\r\n4. 鮭魚烤好後放入飯中，切大塊的杏鮑菇放置一旁，將碎杏鮑菇丁放到烤盤烤5分鐘左右\r\n5. 碎杏鮑菇丁烤好後倒入飯中，跟鮭魚一起拌勻，再擺上大塊杏鮑菇\r\n6. 最後可以加顆蛋，撒上蔥花就大功告成啦'),
(224, '酒蒸蛤蜊', 116,  '1. 材料量好量備用 青蔥切蔥珠 辣椒蒜頭切碎 蛤蜊吐沙洗淨備用  \r\n2. 熱鍋中火爆香蒜頭辣椒\r\n3. 炒出香氣後倒入蛤蜊及100ml米酒 蓋鍋中大火煮2-3分鐘至70%蛤蜊打開 開蓋加入醬油及奶油搖晃至融化即可起鍋\r\n4. 起鍋後灑上蔥珠點綴!完成'),
(225, '海味培根高麗菜', 58,  '1. 高麗菜洗淨切片泡水，培根切條，蒜頭拍扁，蝦米用水稍微沖過泡水，辣椒切段\r\n2. 中火少油熱鍋爆香蒜頭、辣椒、蝦米\r\n3. 培根稍微炒過\r\n4. 下高麗菜與蝦米水，稍微拌炒蓋鍋蓋中火悶3分鐘左右，至喜歡的高麗菜軟度即可加鹽巴拌勻'),
(226, '涼拌木耳', 50,  '1. 將乾木耳洗淨，用逆滲透水（過濾水）泡發3小時，然後將木耳瀝乾備用\r\n2. 燒一鍋水，水滾後，將泡發的木耳放入水中，煮6-7分鐘左右撈起。\r\n3. 將辣椒切末，香菜切碎，連作法（2）一起放入大碗中。\r\n4. 將調味料加入大碗後，攪拌均勻，待涼，放入冰箱冷藏數小時即完成。'),
(227, '炸豆腐', 177,  '1. 豆腐切塊，至於要切方的還是扁扁的看自己喜好\r\n2. 豆腐水盡量吸乾，裹麵粉 裹好了以後把多餘的麵粉輕輕搖掉\r\n3. 然後裹蛋汁，進鍋前記得把它夾起來，讓多餘的蛋汁流下去\r\n4. 進鍋油炸至金黃，然後翻面一樣油炸至金黃'),
(228, '法式吐司', 228,  '1. 將蛋打散後加入一些奶油及牛奶（豆漿）打勻\r\n2. 將土司放置步驟一的濕料中，吐司兩面沾滿蛋液\r\n3. 在烤盤上放置烘培紙，避免蛋液沾黏在烤盤上，事先將烤箱先預熱兩三分鐘，再把吐司烤大概4-5分，表面焦糖色即可享用'),
(229, '黑芝麻醬餅乾', 478,  '1. 將植物油、黑芝麻醬及糖粉倒入，攪拌均勻。\r\n2. 分批倒入低筋麵粉，邊倒邊拌勻，直到沒有粉狀，呈現團狀\r\n3. 用一張烘焙紙，將麵團放在上面，包裹起來，揉成圓柱狀，連同烘焙紙，一起放入冰箱冷凍庫，凍至2~3個小時。\r\n4. 預熱烤箱，轉至160度，此時將麵團以0.5公分寬度切片，平放在烤盤。送至烤箱烤約20分鐘(視各家烤箱狀況增減，第一次做最好顧一下爐)。'),
(230, '雞胸肉豆腐排', 265,  '1. 半顆洋蔥切小丁，小火炒至透明後盛起放涼\r\n2. 豆腐用重物壓約15分鐘，把過多的水分壓倒掉，雞胸肉切碎\r\n3. 放涼的洋蔥+雞胸碎肉+豆腐+蛋，混在一起拌一拌，再加上一小撮鹽拌\r\n4. 拌均勻後，挖起來約一個手掌大（不含手指），成形後放入已熱的油鍋\r\n5. 下油鍋後，蓋上鍋蓋，用中小火煎約5分鐘，金黃後反面煎約五分鐘，筷子插入拿起有熱即熟即完成'),
(231, '蚵仔煎', 187,  '1. 將太白粉、地瓜粉和水拌勻成粉漿備用\r\n2. 熱油鍋開小火，加入鮮蚵、青菜和蛋液\r\n3. 均勻淋上粉漿，以中火煎至粉漿凝固\r\n4. 再翻面煎３０秒後起鍋，享用前淋上醬料即可。'),
(232, '鐵板豆腐', 98,  '1. 雞蛋豆腐盒上面的膜撕開之後，倒扣在砧板上，在底部切一個小洞，就可以輕鬆倒出來了 依照豆腐盒的線切成12塊\r\n2. 豆腐平底鍋開中大火，燒熱油後放豆腐，煎到兩面金黃微焦\r\n3. 翻豆腐技巧：用鍋鏟推到鍋邊之後，再拿飯匙翻到鍋鏟上，這樣不怕鏟豆腐結果不小心鏟破了\r\n4. 準備一碗水，加入醬油膏跟辣椒醬攪拌均勻 把拌好的醬汁放入鍋中，稍微收汁即可起鍋。'),
(233, '巧克力餅乾', 495,  '1. 200克的鬆餅粉裡面加入蛋，還有奶油，攪拌成團\r\n2. 加入可可豆之後攪拌均勻，桿平之後押出模型\r\n3. 烤箱180度預熱，烤大約9分鐘左右即可取出放涼，放涼之後就會比較硬脆\r\n4. 簡單就是一份香噴噴的下午茶小點心，不用太多材料就可以快速享用喔。'),
(234, '毛豆炒飯', 130,  '1. 毛豆去皮備用、洋蔥切絲、雞蛋打散\r\n2. 洋蔥絲 下鍋先炒香，炒香後撈起備用\r\n3. 原鍋下雞蛋 拌炒，在下洋蔥和毛豆拌炒後 加飯，邊壓邊拌炒\r\n4. 起鍋前加入醬油即可完成。'),
(235, '蒜炒龍鬚菜', 139,  '1. 先將菜的粗梗折掉。要是折的斷的算是能煮的部份。要是折的時後不易折斷，那麼那段就別煮來吃，找能折的梗就好。   只用指腹折，別用指甲折。把前端與根葉都折好後洗一洗。切出5-10公分的長度。能折的就是嫩，不能折的就是粗。要煮嫩不煮粗。粗丟掉吧。\r\n2. 準備一鍋水，不用太多。水滾後放入菜滾個2分鐘。起鍋，瀝水\r\n3. 另起油鍋放入蒜切碎。紅蘿蔔切絲放入炒鍋\r\n4. 炒到菜軟了（炒3-4分鐘後試吃）撒鹽巴後加幾滴香油。可盛盤上桌了。'),
(236, '清蒸絲瓜', 70,  '1. 備料⋯絲瓜切有點厚度，吃起來口感更好，金針菇洗淨對切\r\n2. 絲瓜重疊擺盤後中間放個金針菇，枸杞點綴ㄧ下，放入鍋中蒸4-5分鐘，絲瓜不要蒸太久，它很容易熟的。\r\n3. 簡單3步驟～蒸好後滴入橄欖油提香就完成了'),
(237, '蒜香花椰菜', 50,  '1. 花椰菜要把粗梗去掉，頭切末、辣椒斜切\r\n2. 用另鍋水煮滾下花椰菜煮熟，水裡下少許鹽\r\n3. 撈起跟豬油拌勻即可上菜！'),
(238, '酪梨布丁牛奶', 131,  '1. 挖取酪梨果肉約1/3顆\r\n2. 酪梨和牛奶倒入果汁機 按下開關呼嚕嚕~~ 喜歡清爽口感的話可以加入冰塊一起打 喝起來會有冰沙感\r\n3. 杯中倒入布丁一枚,再將打好的酪梨牛奶倒入就完成啦!！'),
(239, '奶油酥條', 521,  '1. 奶油均勻塗抹在吐司上，撒上砂糖！\r\n2. 放入氣炸鍋溫度160度5分鐘，180度 4分鐘\r\n3. 運轉結束，切成條狀就完成囉！'),
(240, '韭菜餅', 196,  '1. 韭菜切碎後加入麵粉和蛋\r\n2. 加水成糊狀\r\n3. 等金黃色即可翻面\r\n4. 完成~~熱熱的沾醬油十分好吃'),
(241, '檸檬果凍', 87,  '1. 吉利丁粉：水=1:3攪拌均勻\r\n2. 吉利丁粉吸水膨脹成稠狀\r\n3. 檸檬半顆，水加檸檬汁只要700cc就好，吉利丁粉：果汁=1 ： 35\r\n4. 把所有材料放進鍋子裡煮到融合沒有顆粒\r\n5. 然後拿去冰箱冰便大功告成。'),
(242, '冰心綠豆糕', 349,  '1. 先將乾綠豆仁用清水沖洗三次，接著倒入鮮奶冷藏浸泡 6-8 小時，然後整鍋放進電鍋，外頭加一杯水 直到綠豆仁變得鬆軟\r\n2. 蒸好後的綠豆仁先在鍋中用湯匙或叉子稍微壓成泥若喜歡有顆粒感的可以直接調味壓模，但若喜歡滑順的就先放在濾網上過篩\r\n3. 過篩後的綠豆沙超級無比綿密！\r\n4. 過篩的綠豆沙和煉乳、奶油拌勻若拌勻後覺得有些濕黏，可以放上炒鍋用小火翻炒一下讓水份收乾一點至不沾鍋的狀態，但若拌勻後手摸不黏可以省略翻炒的\r\n5. 最後將綠豆沙分成 5 等份，每份 40g，壓模 做好後放入冰箱冷藏四小時以上再享用，滋味會更上一層樓也可以放冷凍，要吃前先室溫回溫 5 分鐘，入口冰冰涼涼的，中間有些許的冰沙感綠豆糕微甜是最耐吃的，入口十分軟綿，因為是全鮮奶製作，所以奶香味十足'),
(243, '起司三明治', 244,  '1. 平底鍋用中小火熱鍋 將奶油抹上兩片吐司的各其中一面\r\n2. 第一片吐司, 有奶油面向下放進平底鍋中, 鋪上起司, 再將第二片吐司奶油面向上, 疊在起司上. \r\n3. 用鍋鏟輕輕將三明治向下壓扁. 煎約3-5分鐘 . \r\n4. 翻面, 再煎3-5分鐘. 或直到吐司稍微焦黃或起司融化.\r\n5. 完成！請享用！'),
(244, '素炒雙鮮', 88,  '1. 洗淨玉米筍，及鮮香菇，將玉米筍斜切，鮮香菇也也切片。\r\n2. 熱油先下玉米荀拌炒，加半米杯水悶煮，等水快收乾，加入鮮香菇，拌炒約1~2分鐘即可加塩及味素調味起鍋。'),
(245, '金沙豆腐', 130,  '1. 先將鹹鴨蛋的蛋白與蛋黃分開 蛋白切碎備用  蛋黃壓泥備用\r\n2. 豆腐切成有厚度的塊狀，六面都要沾到麵粉 \r\n3. 起一小油鍋，將豆腐放入 雙面都煎到呈現金黃色，就可起鍋備用 \r\n4. 將蛋黃泥下鍋 記得加入一點點沙拉油當引子，才能炒出金沙來 \r\n5. 待金沙炒出大泡泡，就可加入豆腐翻炒讓每一塊豆腐都有讓金沙覆蓋到 \r\n6. 之後加入切碎的蛋白拌炒再加入蔥花，就可起鍋嘍!! '),
(246, '汁肉包蛋', 200,  '1. 水煮蛋剝殼備用\r\n2. 將肉片以十字型包覆蛋\r\n3. 入氣炸鍋前刷少許油\r\n4. 先以360度--5分鐘，中途抽出塗醬\r\n5. 再360度--5分鐘\r\n6. 撒上白芝麻增加香氣。'),
(247, '香炸杏鮑菇', 81,  '1. 金針菇切掉尾段不要用，洗乾淨後用餐巾紙吸乾水份，用手稍微撥開備用。\r\n2. 將脆酥粉加水以1 : 1的比例調成粉漿，再加一點油進去攪拌。\r\n3. 先沾一層濕粉漿，均勻裹上再放入乾的脆酥粉裹上一層乾粉\r\n4. 油溫用筷子沾一點粉，如果會馬上浮起來就可以了，下金針菇油炸至淺金黃色撈起瀝油\r\n5. 再次開稍大火，放入金針菇二次搶酥逼油，大約炸7~12秒就可撈出。這個步驟是要讓金針菇更酥脆，此時外表會上色成漂亮的深金黃色。'),
(248, '家常爌肉', 220,  '1. 先將五花肉兩面煎香，加入薑片、蔥白段爆香\r\n2. 調一碗醬料（醬油2匙、醬油膏1匙、米酒2匙）\r\n3. 肉上色後，擺滿蔥段\r\n4. 再加2匙米酒、2匙醬油加水淹過材料燉煮'),
(249, '起司豬排', 275,  '1. 將肉片以十字方式放置,中間放入半塊起司片,(起司對折再對折),肉片以順時針方向將肉片折向起司,確實將起司片抱覆.(若怕炸過程中起司餡露出,則肉片可以用到三片,將起司餡完全包覆\r\n2. 將包好的食材外頭先行沾覆一層麵粉\r\n3. 肉餡-->沾麵粉-->沾蛋液-->沾麵包粉\r\n4. 油完成的肉餡放置十分鐘,讓麵包粉與蛋液黏得更緊,下鍋炸才不會麵包粉散開來.\r\n5. 下油鍋炸至金黃色即可'),
(250, '舒芙蕾', 169,  '1. 蛋黃攪勻在加入低筋麵粉和牛奶攪拌均勻\r\n2. 在將蛋白打到硬性發泡\r\n3. 將打好的蛋白分次加入調好的步驟1內攪拌均勻\r\n4. 熱油，分量下鍋煎至表皮金黃就完成'),
(251, '照燒南瓜高麗菜肉捲', 187,  '1. 高麗菜葉燙軟,過冷水,將中間的硬梗切除 南瓜切絲,燙過水.(燙過後撈起,水儘量濾乾)\r\n2. 取適量南瓜絲放入高麗菜葉中,左右對折起,再將其捲起.\r\n3. 捲好的高麗菜捲再用薄肉片捲起.\r\n4. 放入平底鍋煎至肉片熟透 放入醬汁(醬油:味醂:水 1:1:1) 水亦可取酒代替.\r\n5. 切完放至盤內,醬汁再由底下澆入.'),
(252, '重乳酪蛋糕', 395,  '1. 手邊沒有蛋糕模具，於是使用可拋棄式的鋁箔模，大約6吋\r\n2. 奶油乳酪放室溫軟化備用\r\n3. 使用隔水加熱來融化無鹽奶油\r\n4. 壓碎消化餅乾至粉狀\r\n5. 將融化後的無鹽奶油與壓碎後的消化餅乾攪拌在一起拌勻\r\n6. 倒入模具壓平，放入冷凍半小時\r\n7. 將軟化的奶油乳酪用湯匙拌軟，直到不是塊狀\r\n8. 倒入砂糖後拌勻\r\n9. 倒入優格後拌勻\r\n10. 打蛋進去後拌勻\r\n11. 玉米粉過篩後倒入拌勻\r\n12. 取出蛋糕模並將重乳酪蛋糕糊倒入\r\n13. 以160℃烤一小時\r\n14. 冷凍一小時後脫模，由於是用鋁箔模，直接用剪刀剪開一小角再撕開就可完成脫模囉！'),
(253, '大黃瓜雞肉湯', 250,  '1. 蔥、薑切片\r\n2. 放入蔥與薑片炒香後放入雞腿炒到8分熟\r\n3. 放入大黃瓜，按下萬用鍋煲湯鍵，水加到蓋過食材，起鍋後調味即可。'),
(254, '葱開煨麵', 399,  '1. 葱切段\r\n2. 熱油鍋，中小火先煸葱白煸香再下餘的葱段煸炒一下\r\n3. 丟開陽炒香\r\n4. 加水煮滾\r\n5. 丟麵條大火煮滾\r\n6. 加蓋烟火煨煮10分鐘\r\n7. 加青菜、鹽巴調味\r\n8. 完成。'),
(255, '玫瑰花戚風蛋糕', 375,  '1. 蛋黃先加糖40g打散至 沒有顆粒\r\n2. 加入沙拉油拌勻\r\n3. 再加入桔子水\r\n4. 在加入過篩的低筋麵粉，和泡打粉\r\n5. 蛋白加入80克糖'),
(256, '韓式醬炒大黃瓜', 80,  '1. 調味醬料混合。\r\n2. 大黃瓜洗淨，用湯匙把籽刮除，縱向切成段，再橫切成約2mm厚的薄片。灑上鹽巴，混合均勻，放保鮮盒20分鐘冷藏，讓大黃瓜出水。再取出，沖水，將表面鹽份沖走，並擠乾大黃瓜片水份。\r\n3. 萬用鍋內鍋加油，用焗烤彩蔬模式，將大黃瓜片拌炒至微軟。\r\n4. 按取消後，倒入調味醬料拌均勻。\r\n5. 取出便可以吃了。也可置保鮮盒放涼後，放冰箱冷藏4小時後當涼菜吃，灑上白芝麻粒添香更好。\r\n6. 可以冷藏保鮮3天。\r\n7. 夏天當作韓國拌飯小菜非常方便。'),
(257, '薑汁炒肉鬆 ', 241,  '1. 鍋加一點油開中火，放入絞肉炒至變白，加入醬汁\r\n2. 一面炒、一面用鍋鏟將絞肉切剁更碎，至水分收快乾即熄火\r\n3. 拌飯、拌麵都美味！'),
(258, '雞胸肉拍黃瓜 ', 134,  '1. 蔬菜洗淨\r\n2. 備料同時準備煮一鍋沸水\r\n3. 金針菇切小段。吃膩金針菇的話可以改杏鮑菇\r\n4. 木耳切大塊\r\n5. 玉米筍斜切\r\n6. 水煮沸後先下玉米筍，滾煮5分鐘\r\n7. 再下菇和木耳，三樣一起滾煮1分鐘。然後用濾勺撈起來放涼\r\n8. 準備拍小黃瓜，用刀面拍打小黃瓜\r\n9. 拍碎小黃瓜後，切三段\r\n10. 拍碎的小黃瓜加入剛剛放涼的菇們，灑下自己喜歡的調味料。我這裡加的是辣粉、義大利香料、洋蔥粉、起司粉\r\n11. 抓勻\r\n12. 要來撕雞胸肉\r\n13. 順著雞肉的紋路撕成長條\r\n14. 這就是小周師教的雞胸肉拍黃瓜'),
(259, '清蒸金目鱸魚 ', 130,  '1. 金目鱸魚洗淨，用紙巾壓乾水份，背上劃3刀，抹上一層薄薄的鹽\r\n2. 薑和青蔥都切成絲狀\r\n3. 薑蔥絲薑絲舖在魚身上，將調味料倒在上面\r\n4. 送進鍋中火蒸個15分鐘\r\n5. 燒一匙滾燙熱油，澆在蒸好的魚身上～油要燙，蔥的香味才會釋放。'),
(260, '黃瓜排骨湯', 185,  '1. 排骨先燙過後，放新的一鍋水煮。\r\n2. 黃瓜切小塊。\r\n3. 黃瓜入鍋與排骨一起燉煮。煮至黃瓜軟爛即可加鹽巴調味囉~\r\n4. 可口清爽黃瓜湯上桌囉~'),
(261, '奶油醬燒鮮菇', 220,  '1. 杏鮑菇稍微沖洗一下擦乾，如果比較長的從中切半，再切成粗條狀。\r\n2. 鴻禧菇不用水洗，直接切除根部後手剝成一朵朵。蔥切成蔥花，辣椒切成小圈。\r\n3. 1大匙油熱鍋，加入一半的蔥花小火炒香。\r\n4. 接著全程用中火，倒入兩種菇類，不斷翻炒至變軟開始釋出水份。\r\n5. 菇類變軟後加入醬油和糖，翻炒讓材料均勻上色，這裡試一下味道，不夠可酌量加點鹽。\r\n6. 最後起鍋前加入奶油、蔥花及辣椒圈，並加點黑胡椒提香，再拌炒一下即可盛盤。'),
(262, '比目魚薑湯', 112,  '1. 建議薑絲或薑片可以先用中小火煮水，煮至薑味完全釋放。\r\n2. 魚肉可以先用清水再重新乾淨去處腥味髒污\r\n3. 薑湯滾至薑味完全釋放後，轉小火放入魚肉，火不能太大魚肉容易老，看魚肉的厚薄度煮8-10分鐘不等\r\n4. 待魚肉熟後加入酒，滾1分鐘即可起鍋\r\n5. 起鍋前可用部份鹽巴調味，是個人口味調整，即完成營養好喝的魚湯啦。'),
(263, '正子清蒸鮭魚', 250,  '1. 新鮮的鮭魚，現切 230$ 沖水洗一洗、刮鱗片\r\n2. 加薑加米酒，一杯蓋\r\n3. 抹鹽巴在兩面表面\r\n4. 半杯水下去蒸'),
(264, '鹽之花烤鮭魚頭', 350,  '1. 烤箱先以上下火200℃預熱5分鐘\r\n2. 鮭魚頭洗淨擦乾放在適當大小的鋁箔紙上包進烤箱，烤20分鐘，剩5分鐘時，可打開鋁箔紙繼續烤，讓它上色\r\n3. 烤好後拿出裝盤撒上鹽之花，若沒有就用一般的鹽即可，再盤子放些胡椒鹽來沾及可'),
(265, '蛋煎雞胸肉', 135,  '1. 雞胸肉先切成小塊薄片，用鹽巴、胡椒醃製10分鐘\r\n2. 紅蘿蔔和青蔥切末，拌入蛋液，少許鹽巴調味\r\n3. 醃好的雞胸肉沾少許的麵粉，再沾上蛋液\r\n4. 放入鍋內兩面煎熟即可'),
(266, '芝麻豆腐布丁', 200,  '1. 將所有材料放入果汁機裡攪拌均勻。\r\n2. 倒入布丁杯裡，放入電鍋，外鍋1杯水蒸即可。'),
(267, '絲瓜蛋豆腐煲', 280,  '1. 備料、切薑絲、切絲瓜、豆腐切塊\r\n2. 爆香薑絲 加入蛋炒\r\n3. 加入水兩大碗、絲瓜、豆腐、冬粉、餛飩\r\n4. 加入海帶絲\r\n5. 加鹽，起鍋囉'),
(268, '涼拌火腿', 392,  '1. 所有食材洗淨並切適度大小\r\n2. 火腿或海鮮需要燙熟後漂涼\r\n3. 將所有食材與甜雞醬拌勻，再擠入檸檬汁拌勻冰涼即可'),
(269, '馬鈴薯脆餅', 400,  '1. 將馬鈴薯蒸熟搗碎。\r\n2. 將低筋麵粉、糖、鹽和植物油拌勻\r\n3. 將搗碎的馬鈴薯加入，揉拌成麵團\r\n4. 將麵團桿成5mm的麵皮\r\n5. 將片狀麵團切成一塊塊長方形，放置於烤盤上，用叉子戳出孔洞\r\n6. 將餅乾放入預熱好170度的烤箱烤20分鐘\r\n7. 出爐，放涼，完成！'),
(270, '鮮當歸雞湯', 225,  '1. 將雞腿肉用冷水煮至水滾後撈起\r\n2. 將雞腿肉及當歸放入新盛的水中，待水滾轉中火熬20分（蓋上鍋蓋）\r\n3. 放入枸杞再以中小火煮五分鐘\r\n4. 依口味放入少許鹽巴即完成'),
(271, '藍莓鮮奶酪', 192,  '1. 將鮮奶油與牛奶，倒入鍋中用小火加熱\r\n2. 加入砂糖，攪拌均勻\r\n3. 最後加入吉利丁粉，攪拌均勻 \r\n4. 放涼 倒入容器 冷藏2-3小時即可\r\n5. ［藍莓醬］將藍莓粒放入鍋中 小火加熱至出水 最後加入砂糖攪拌均勻 放涼。'),
(272, '鴨賞炒飯', 350,  '1. 打2顆散蛋煎熟後起鍋備用\r\n2. 放入青蔥爆香\r\n3. 再放入鴨賞微炒一下(中火約40秒)\r\n4. 放入散蛋及白飯快炒，要起鍋前加入少許鹽巴即完成鴨賞炒飯'),
(273, '香蕉巧克力吐司', 290,  '1. 先將熱壓機預熱（待燈熄滅）\r\n2. 將吐司抹上巧克力醬\r\n3. 將香蕉切片平鋪至塗滿巧克力醬的吐司上 \r\n4. 1.將吐司放至熱壓機後，闔上（燈亮）2.燈熄滅後即可打開熱壓機取出吐司\r\n5. 開吃囉！'),
(274, '蘋果芒果果昔', 310, '所有食材入果汁機打勻，即可享用。'),
(275, '麻辣鴨血', 240,  '1. 把鴨血切大塊後滾水川燙去腥，再來換一鍋清水燒滾加上鹽巴，再把鴨血加入浸泡，這樣才能入味軟嫩\r\n2. 接下來就把喜歡的爆香材料爆香，依序為洋蔥、豆瓣醬、蒜頭、辣椒、青蔥，再加入鹽巴、醬油，擺入鴨血紅燒入味\r\n3. 大約燉煮約10分鐘後就是很美味的麻辣鴨血，辣椒視個人喜愛添加'),
(276, '美式鬆餅', 227,  '1. 將麵粉牛奶雞蛋在鐵盆攪勻，不要太濕，可以加鬆餅粉調整，加少許糖\r\n2. 熱鍋，煎的時侯可以微微抬高平底鍋讓鬆餅圓圓的，約煎到小氣泡出現再翻，約五六片，最後疊好裝飾即可。'),
(277, '抹茶奶酪', 50,  '1. 鮮奶倒入抹茶粉，加熱攪拌均勻\r\n2. 加入秤好的蒟蒻膠凍粉，攪拌後關火\r\n3. 將煮好的溶液倒入杯中\r\n4. 放涼後冰箱冷藏即完成。'),
(278, '可可奶酪', 52,  '1. 鮮奶倒入可可粉，加熱攪拌均勻\r\n2. 加入秤好的蒟蒻膠凍粉，攪拌後關火\r\n3. 將煮好的溶液倒入杯中\r\n4. 放涼後冰箱冷藏即完成。'),
(279, '奶酥蘋果批', 130,  '1. 蘋果削皮切小丁\r\n2. 熱鍋後放入奶油並將砂糖均勻攪拌至溶入奶油中\r\n3. 加入蘋果拌炒至蘋果呈現微微金黃色即可起鍋放涼\r\n4. 準備奶酥皮材料，將放在室溫軟化的奶油與砂糖均勻攪拌後加入麵粉\r\n5. 將奶酥皮均勻的撒在剛炒好的蘋果丁上\r\n6. 放入預熱好180度的烤箱中烤20分鐘就可以囉!'),
(280, '香蕉蛋糕', 282,  '1. 先將奶油隔水加熱，之後把兩顆蛋跟糖還有奶油一起倒入過篩好的鬆餅粉拌勻\r\n2. 兩根香蕉用果汁機打成泥，倒入步驟１的所有材料拌勻\r\n3. 把麵糊倒入鋪好烘焙紙的烤模裡，輕敲一下，送入烤箱大概１８０度　烤２０～３０分鐘\r\n4. 完成～'),
(281, '芋堅泥', 187,  '1. 芋頭加一點水蒸熟，少量糖一起搗碎均勻\r\n2. 芋泥倒入碗中，撒上打碎的堅果，完成！'),
(282, '蔬菜湯', 40,  '1. 食材隨意切\r\n2. 洋蔥 蕃茄乾炒\r\n3. 加水或高湯\r\n4. 放入花椰菜和肉片\r\n5. 完成。'),
(283, '昆布柴魚高湯', 170,  '1. 準備四片昆布，先把外面的白色粉末擦拭過，泡在1公升的水中放置3-4個小時\r\n2. 放上火爐煮到冒小泡後把昆布撈起，加入柴魚煮滾，之後把柴魚瀝乾淨就可以了\r\n3. 加入鹽調味即可。'),
(284, '醬炒雞丁大黃瓜', 75,  '1. 雞胸肉切小丁，用調味料抓醃備用，大黃瓜洗淨去籽，切成薄片\r\n2. 大黃瓜灑點鹽抓一抓，去其澀味，放置個5分鐘，大黃瓜會出水，把多餘水份倒掉\r\n3. 雞丁想要軟嫩，可以抓點地瓜粉\r\n4. 熱油鍋\r\n5. 將雞肉倒入鍋中，中火拌炒至9分熟\r\n6. 大黃瓜下鍋～薄片很快熟，拌炒不用太久就好了，因雞肉醃過，大黃瓜也抓鹽過，就不用再調味囉\r\n7. 完成'),
(285, '蘿蔔玉米湯', 190,  '1. 將紅、白蘿蔔洗淨切成易入口大小，玉米切小圈，香菜切大段\r\n2. 將切好的紅、白蘿蔔、玉米、薑片、高湯塊放入鍋中\r\n3. 加入適量的水，大火煮至沸騰\r\n4. 沸騰後撈去浮沫，中火煮5分鐘，轉小火煮至熟後加入香菜、香油，最後調整味型就完成了'),
(286, '蔥爆雞湯', 210,  '1. 倒油熱鍋，將雞腿的雞皮朝下放入鍋中，用中小火煎3~5分鐘，讓表皮煎的酥酥脆脆的\r\n2. 把雞腿拿出，切成小塊，再放回鍋中用中大火翻炒。\r\n3. 翻炒上色之後，倒入兩碗滾燙的水，大火滾5分鐘\r\n4. 切好蔥末放在湯碗中，直接把整個湯淋在已經裝好蔥末的碗中，就完成了。'),
(287, '魚丸湯', 187,  '1. 煮水，滾後下薑片或薑絲\r\n2. 加入魚丸，手滾後加鹽調味\r\n3. 芹菜去老皮後切一點末，撒上芹菜，滴兩滴香油，灑上一點胡椒粉，魚丸湯完成！'),
(288, '巧克力湯圓', 305,  '1. 糯米粉加入開水慢慢調成雪花狀\r\n2. 揉成糰備用\r\n3. 湯圓搓成適當大小，包入巧克力\r\n4. 放入滾水中煮熟即可。'),
(289, '蘋果玫瑰花派', 237,  '1. 將蘋果切薄片(0.2-0.3CM),完成放入鍋中加砂糖和水稍微熬煮至軟化\r\n2. 冷凍起酥片退冰後,切三等份成為三長條狀,二長條接在一起,讓長度變長;軟化的蘋果鋪在起酥皮上方,蘋果皮約露出起酥皮1/3,鋪排好後捲起\r\n3. 捲好後,將烤箱預熱180度,烤25分鐘\r\n4. 出爐後,在成品上灑點糖粉即完成啦!'),
(290, '米飯布丁', 127,  '1. 將牛奶及白米放入鍋中(開火前最好將米浸泡在牛奶中1HR以上)，小火燉煮\r\n2. 煮至濃稠狀即可關火，稍微放涼後，用攪拌機稍微攪成半泥半顆粒或全泥狀\r\n3. 將常溫後的雞蛋(要先打散)拌入細砂糖後混合均勻後再加入鮮奶油拌勻即可\r\n4. 將米飯倒入喜歡的容器中後淋上醬汁，表面在灑上肉桂粉，好吃的米布丁就完成囉！'),
(291, '西班牙煎餅', 170,  '1. 將小玉米筍、馬鈴薯、培根都先切成丁狀\r\n2. 將切丁的馬鈴薯丁用滾水煮7~10分鐘後~撈起來瀝乾備用\r\n3. 炒鍋先放培根下去炒，炒出油之後放入小玉米筍跟杏鮑菇丁.馬鈴薯丁\r\n4. 火要轉到小火輕輕拌炒一下停著別一直翻攪，馬鈴薯會容易碎掉\r\n5. 五分鐘翻炒一下加入雞湯粉跟些許白胡椒，多少會有些沾鍋這時再加入1湯匙的油輕輕拌炒一下再悶個3~5分鐘起鍋\r\n6. 將起鍋的料放入已經打勻的6顆雞蛋碗內，一起拌勻\r\n7. 準備一個平底鍋，先放入2大匙的油，等油鍋熱了之後，再把油均勻塗好鍋內，慢慢把材料倒入鍋內\r\n8. 要開小火慢煎(此時千萬不可翻面)等到底面已呈固體狀(約5~7分鐘)，就可翻面了，翻面後再煎5~7分鐘(兩面金黃就可起鍋)\r\n9. 完成。'),
(292, '吉拿棒', 180,  '1. 取一深鍋加入水 鹽巴 砂糖跟油煮滾\r\n2. 煮滾後轉小火 一口氣加入麵粉迅速攪拌成團後關火\r\n3. 蛋液打散後(只要半顆)加入麵糰裡攪拌均勻\r\n4. 將麵糰裝入擠花袋中 用星狀花嘴 擠出想要的長度\r\n5. 將麵團全部擠完\r\n6. 取炒菜鍋放入適量的油 油熱後放入吉拿棒 炸至微金黃色起鍋 用吸油紙吸取多餘的油\r\n7. 沾取肉桂砂糖 糖粉或是溶化的巧克力都很好吃喔。'),
(293, '啤酒雞', 101,  '1. 將雞腿排背面畫幾刀，並在兩面抹上適量的鹽\r\n2. 將雞腿排皮朝下、蔥、薑、蒜頭與啤酒放入電鍋內，外鍋兩杯水\r\n3. 電鍋跳起來再悶個30分鐘擺盤即可。'),
(294, '柳橙磅蛋糕', 387,  '1. 柳橙先擠半顆的橙汁跟取橙皮 要把白白的盡量切掉，然後跟檸檬橙汁一起泡實際約是20cc\r\n2. 奶油糖打發 烤箱170度預熱\r\n3. 分次加入蛋攪勻後倒入麵粉\r\n4. 邊切拌時倒入橙汁皮等等\r\n5. 然後入模後可以切薄橙片裝飾一下 進烤箱170度烤25分鐘後觀察上色狀況 180再烤五分鍾\r\n6. 放涼後刷上柳橙檸檬汁加糖粉調成的醬即可。'),
(295, '曲奇餅乾', 501,  '1. 首先將室溫奶油和砂糖，中速攪拌到鬆軟，溶合在一起， 顏色會變淡一點 ， 大概3到4分鐘\r\n2. 然後加進麵粉攪拌，神奇地它會立刻變成像沙的形態 ! 直到麵粉奶油全部溶合，很快大概1到2分鐘\r\n3. 將沙放到桌上 XD 用手輕輕的搓幾下，壓幾下， 因為手有溫度，奶油沙會稍稍結合，然後堆成一個長條型， 表面壓平\r\n4. 用保鮮模包起來，冷涷! 是冷涷30分鐘! \r\n5. 先去預熱烤箱170度 ，30分鐘後餅乾從冷涷拿出來 ， 然後切片\r\n6. 放進烤箱170度烤 13到18分鐘。'),
(296, '南瓜餅乾', 487,  '1. 南瓜去皮去籽切塊，用濕廚房紙巾包著，微波2分半，然後搗成泥狀\r\n2. 放軟奶油加糖粉加低筋麵粉和杏仁粉拌勻\r\n3. 加入南瓜泥拌勻\r\n4. 混合成團即可\r\n5. 捏成扁圓狀，用牙籤壓出南瓜線條\r\n6. 用南瓜皮切成細段，放至麵團上，170度烤15分\r\n7. 表面刷上蛋液再烤10分鐘\r\n8. 完成。'),
(297, '木瓜牛奶', 41,  '1. 先將木瓜削皮後切成小塊狀\r\n2. 接著準備果汁機 . 加入5小塊的木瓜 + 350cc的牛奶 + 適量的細砂糖一起打成汁 . 接著用濾網過濾\r\n3. 就是很香醇好喝的木瓜牛奶汁'),
(298, '麻油松阪豬', 384,  '1. 松阪豬肉逆紋切0.2cm片狀，可使口感更Q彈；杏鮑菇切片；老薑切薄片；其餘材料備齊。\r\n2. 鍋内倒入2茶匙的油，將薑片煸香至邊緣呈捲曲狀。\r\n3. 放入步驟1的肉片，中小火煮至變色。\r\n4. 將肉片翻面後，加入杏鮑菇及米酒一起煮至沸騰。\r\n5. 待肉片熟透後，撒上枸杞、鹽以及麻油拌勻即可。'),
(299, '泡菜煎餅', 159,  '1. 將所有材料攪拌均勻.\r\n2. 鍋中倒入一公分淺油(份量外), 油熱後, 將麵糊倒入. 以中小火煎至兩面金黃後, 將煎餅盛出. 待煎餅涼後, 再次將鍋燒熱, 將煎餅回鍋煎炸一次.'),
(300, '德式香腸捲', 271,  '1. 德式香腸入氣炸鍋氣炸，以180度氣炸5分鐘\r\n2. 起油鍋，放入冷凍蔥油餅\r\n3. 煎至兩面焦黃微澎，先起鍋\r\n4. 鍋中再倒點油，蛋打散，入鍋煎\r\n5. 將剛才煎好的蔥油餅蓋在蛋上\r\n6. 取一張鋁箔紙（或烘培紙）鋪底，將煎好的蛋餅放在鋁箔紙上，依序放入起司、德式香腸\r\n7. 將蛋餅捲成圓柱狀，靜置3-5分鐘，使其固定成形\r\n8. 成形後，用鋸齒刀（比較好切）切成適當大小擺盤，就完成囉');

-- --------------------------------------------------------

--
-- 資料表結構 `食譜類型`
--

CREATE TABLE `食譜類型` (
  `菜名` varchar(15) NOT NULL,
  `食譜類型` varchar(5) NOT NULL
) ENGINE=InnoDB DEFAULT CHARSET=utf8;

--
-- 傾印資料表的資料 `食譜類型`
--

INSERT INTO `食譜類型` (`菜名`, `食譜類型`) VALUES
('三杯雞', '主菜'),
('三絲炒麵', '主菜'),
('三色蛋', '主菜'),
('上海菜飯', '主菜'),
('中式烤雞腿', '主菜'),
('九層塔煎蛋', '主菜'),
('乾煎奶油蒜蝦', '主菜'),
('乾煎義式雞腿排', '主菜'),
('優格杯子蛋糕', '甜點'),
('冰心綠豆糕', '甜點'),
('南瓜餅乾', '甜點'),
('可可奶酪', '甜點'),
('可樂餅', '甜點'),
('吉拿棒', '甜點'),
('吐司捲蛋', '早餐'),
('吻仔魚蔥花蛋', '主菜'),
('味噌湯', '主菜'),
('味噌烤雞肉串', '主菜'),
('味噌豆腐湯', '前菜'),
('味噌鯛魚', '主菜'),
('和風馬鈴薯蛋沙拉', '前菜'),
('咖啡豆餅乾', '甜點'),
('啤酒雞', '主菜'),
('四季豆炒杏鮑菇', '主菜'),
('四季豆炒鮮蔬', '主菜'),
('地瓜球', '甜點'),
('培根四季豆', '主菜'),
('培根蛋餅', '早餐'),
('塔香炒肉片', '主菜'),
('塔香牛肉', '主菜'),
('塔香茄子', '主菜'),
('夏威夷吐司', '早餐'),
('大黃瓜排骨湯', '主菜'),
('大黃瓜雞湯', '主菜'),
('大黃瓜雞肉湯', '主菜'),
('夾心杯子蛋糕', '甜點'),
('奶油酥條', '甜點'),
('奶油醬燒杏鮑菇', '前菜'),
('奶油醬燒鮮菇', '主菜'),
('奶油雞肉鮮菇燉飯', '主菜'),
('奶酥蘋果批', '甜點'),
('客家小炒', '主菜'),
('客家炒粄條', '主菜'),
('家常爌肉', '主菜'),
('密蓮藕', '甜點'),
('小松菜鴻禧菇', '主菜'),
('巧克力小蛋糕', '甜點'),
('巧克力湯圓', '甜點'),
('巧克力餅乾', '甜點'),
('彩椒肉絲', '主菜'),
('德式香腸捲', '主菜'),
('慢火烤牛肉佐洋蔥醬', '主菜'),
('懶人美式煎餅', '早餐'),
('抹茶奶酪', '甜點'),
('提拉米蘇', '甜點'),
('日式咖喱飯', '主菜'),
('日式大根雞肉煮', '主菜'),
('日式炸豬排', '主菜'),
('日式紅蘿蔔燉牛肉', '主菜'),
('昆布柴魚高湯', '前菜'),
('曲奇餅乾', '甜點'),
('木瓜牛奶', '甜點'),
('木瓜牛奶凍', '甜點'),
('杏鮑菇炒甜椒', '主菜'),
('杏鮑菇鮭魚拌飯', '主菜'),
('柳橙磅蛋糕', '甜點'),
('梅花豬肉溫沙拉', '前菜'),
('椒鹽炒雞丁', '主菜'),
('椒鹽雞腿排', '主菜'),
('檸檬小蛋糕', '甜點'),
('檸檬果凍', '甜點'),
('檸檬燻鴨', '主菜'),
('檸香五色沙拉', '前菜'),
('櫻花蝦炒高麗菜', '主菜'),
('正子大黃瓜排骨湯', '主菜'),
('正子清蒸鮭魚', '主菜'),
('比目魚薑湯', '主菜'),
('比薩船', '主菜'),
('毛豆炒飯', '主菜'),
('汁肉包蛋', '主菜'),
('沙茶牛肉', '主菜'),
('沙茶羊肉', '主菜'),
('法式吐司', '早餐'),
('泡菜煎餅', '主菜'),
('泡菜蝦仁煎餅', '主菜'),
('泡菜雞胸肉', '主菜'),
('泰式打拋豬', '主菜'),
('洋蔥炒彩椒', '主菜'),
('洋蔥煎蛋', '主菜'),
('洋蔥茄子紅椒番茄', '前菜'),
('浦燒鯛魚', '主菜'),
('海味培根高麗菜', '主菜'),
('海帶蛋花湯', '前菜'),
('海帶豆腐湯', '前菜'),
('海苔肉鬆三角飯糰', '早餐'),
('涼拌小黃瓜', '前菜'),
('涼拌木耳', '前菜'),
('涼拌柚香蓮藕', '前菜'),
('涼拌水果蝦沙拉', '前菜'),
('涼拌油菜', '主菜'),
('涼拌火腿', '前菜'),
('涼拌豆干', '前菜'),
('涼拌豆腐', '前菜'),
('清炒菜心', '主菜'),
('清炒雪裡紅', '主菜'),
('清蒸絲瓜', '主菜'),
('清蒸螃蟹', '主菜'),
('清蒸金目鱸魚', '主菜'),
('港式煎牛排', '主菜'),
('溏心蛋', '主菜'),
('滑蛋蝦仁', '主菜'),
('滷排骨', '主菜'),
('滷肉飯', '主菜'),
('火腿玉米炒蛋', '主菜'),
('火腿起司蛋三明治', '早餐'),
('炒烏魚胗', '主菜'),
('炒空心菜', '主菜'),
('炒豆芽菜', '主菜'),
('炸湯圓', '甜點'),
('炸薯條', '前菜'),
('炸豆腐', '主菜'),
('炸醬麵', '主菜'),
('烘烤豬排肉', '主菜'),
('烤甜椒', '主菜'),
('烤黑胡椒秋刀魚', '主菜'),
('焗烤義大利麵紅醬花枝丸', '主菜'),
('照燒南瓜高麗菜肉捲', '主菜'),
('照燒雞翅', '主菜'),
('牛丼', '主菜'),
('玉米濃湯', '前菜'),
('玉米煎餅', '甜點'),
('玫瑰花戚風蛋糕', '甜點'),
('瓜仔滷肉', '主菜'),
('瓜仔肉', '主菜'),
('番茄炒蛋', '主菜'),
('番茄炒高麗菜', '主菜'),
('番茄肉醬義大利麵', '主菜'),
('番茄鮪魚飯', '主菜'),
('皎白筍炒松阪豬', '主菜'),
('穀麥牛奶', '早餐'),
('竹筍排骨湯', '主菜'),
('米飯布丁', '甜點'),
('紅糟肉', '主菜'),
('紅蘿蔔炒蛋', '主菜'),
('紅豆紫米湯', '甜點'),
('素炒雙鮮', '主菜'),
('紹興東波肉', '主菜'),
('絲瓜炒蛋', '主菜'),
('絲瓜蛋豆腐煲', '主菜'),
('絲瓜蛤蜊', '主菜'),
('綠豆湯', '甜點'),
('美式可可豆杏仁酥', '甜點'),
('美式炒蛋', '早餐'),
('美式鬆餅', '甜點'),
('老皮嫩肉', '主菜 '),
('肉粽', '主菜'),
('脆皮燒肉', '主菜'),
('腐乳拌甜菠菜', '主菜'),
('自製優格', '甜點'),
('舒芙蕾', '甜點'),
('芋堅泥', '甜點'),
('芋頭籤粿', '甜點'),
('芒果鮮奶酪', '甜點'),
('芝麻球', '甜點'),
('芝麻脆餅', '甜點'),
('芝麻豆腐布丁', '甜點'),
('茄汁秋刀魚', '主菜'),
('茶香滷雞腿', '主菜'),
('草莓大福', '甜點'),
('菜脯蒼蠅頭', '主菜'),
('葡式蛋塔', '甜點'),
('葱開煨麵', '主菜'),
('蒜味椒鹽菇菇', '主菜'),
('蒜味雞胸肉', '主菜'),
('蒜味雞腿排', '主菜'),
('蒜泥白肉', '主菜'),
('蒜炒地瓜葉', '主菜'),
('蒜炒小白菜', '主菜'),
('蒜炒龍鬚菜', '主菜'),
('蒜頭蛤蜊雞湯', '前菜'),
('蒜香五花菠菜', '主菜'),
('蒜香杏鮑菇', '主菜'),
('蒜香花椰菜', '主菜'),
('蒸布丁', '甜點'),
('蒸蛋', '前菜'),
('蒸蛋豆腐', '前菜'),
('蔥油餅', '早餐'),
('蔥爆松阪豬', '主菜'),
('蔥爆雞丁', '主菜'),
('蔥爆雞湯', '前菜'),
('蔥肉捲', '主菜'),
('蔥蒜炒磨菇', '主菜'),
('蔥雞湯', '前菜'),
('蔬菜湯', '前菜'),
('蔬菜烤蛋', '前菜'),
('蔭樹子蒸魚', '主菜'),
('蕃茄煨麵', '主菜'),
('蕃茄蛋花湯', '主菜'),
('薑汁炒肉鬆', '主菜'),
('薑燒豬肉', '主菜'),
('薑絲大腸', '主菜'),
('薑絲炒大腸', '主菜'),
('薑絲炒大黃瓜', '主菜'),
('薑絲炒麵腸', '主菜'),
('藍莓鮮奶酪', '甜點'),
('蘋果玫瑰花派', '甜點'),
('蘋果芒果果昔', '甜點'),
('蘋果馬鈴薯優格沙拉', '前菜'),
('蘿蔔滷肉', '主菜'),
('蘿蔔玉米湯', '前菜'),
('蘿蔔糕', '主菜'),
('蘿蔔絲餅', '前菜'),
('蚵仔煎', '主菜'),
('蛋煎雞胸肉', '主菜'),
('蛋香煎鮭魚', '主菜'),
('蛤蜊鯛魚粥', '主菜'),
('蜂蜜蛋糕', '甜點'),
('蝦仁酥胡雷', '甜點'),
('蝦扯蛋', '主菜'),
('西班牙煎餅', '甜點'),
('西米露', '甜點'),
('西芹炒魚板', '主菜'),
('親子丼', '主菜'),
('豆乳肉燥', '主菜'),
('豆渣香蔥菇餅', '主菜'),
('豆腐煎蛋', '主菜'),
('豚骨拉麵', '主菜'),
('貢丸湯', '前菜'),
('起司三明治', '早餐'),
('起司豬排', '主菜'),
('起司豬肉捲', '主餐'),
('起司鮪魚玉米餃', '主菜'),
('辣味九層塔豬', '主菜'),
('辣味青椒鑲肉', '主菜'),
('辣炒四季豆', '主菜'),
('辣酸菜豬血', '主菜'),
('酒蒸蛤蜊', '主菜'),
('酪梨布丁牛奶', '甜點'),
('酸菜排骨湯', '前菜'),
('醬油清蒸鱈魚', '主菜'),
('醬炒雞丁大黃瓜', '前菜'),
('醬燒海苔煎雞胸', '主菜'),
('醬燒豆干', '主菜'),
('醬燒魚下巴', '主菜'),
('醬香南瓜蒸雞', '主菜'),
('釀豆腐', '前菜'),
('重乳酪蛋糕', '甜點'),
('金沙豆腐', '主菜'),
('金莎香菜筊白筍', '主菜'),
('銀耳燕麥粥', '甜點'),
('鍋煮奶茶', '甜點'),
('鐵板豆腐', '主菜'),
('雞胸肉拍黃瓜', '主菜'),
('雞胸肉豆腐排', '主菜'),
('雞蛋布丁', '甜點'),
('青椒牛肉炒飯', '主菜'),
('青江菜炒香菇', '主菜'),
('韓式泡菜炒飯', '主菜'),
('韓式醬炒大黃瓜', '甜點'),
('韭菜花辣炒肉絲', '主菜'),
('韭菜餅', '主菜'),
('飛魚炒飯', '主菜'),
('香椿捲餅', '早餐'),
('香炸杏鮑菇', '主菜'),
('香烤起司茄子', '主菜'),
('香煎中華雞蛋豆腐', '前菜'),
('香煎杏飽菇', '前菜'),
('香煎椒鹽雞蛋豆腐丁', '主菜'),
('香煎胡椒蝦', '主菜'),
('香菇炒糯米椒', '主菜'),
('香菇雞湯', '前菜'),
('香蕉巧克力吐司', '甜點'),
('香蕉蛋糕', '甜點'),
('香蕉鬆餅', '甜點'),
('馬鈴薯佐優格醬 ', '主菜'),
('馬鈴薯脆餅', '甜點'),
('驢打滾', '甜點'),
('髒髒包', '甜點'),
('魚丸湯', '前菜'),
('魚卵冷盤', '前菜'),
('鮮炒蛤蠣', '主菜'),
('鮮當歸雞湯', '主菜'),
('鳳梨苦瓜雞湯', '前菜'),
('鳳梨蝦球', '主菜'),
('鴨賞炒飯', '主菜'),
('鹹水鴨', '主菜'),
('鹹蛋苦瓜', '主菜'),
('鹹豬肉', '主菜'),
('鹽之花烤鮭魚頭', '主菜'),
('鹽昆布炒烏龍麵', '主菜'),
('麻婆豆腐', '主菜'),
('麻油松阪豬', '主菜'),
('麻油絲瓜', '主菜'),
('麻油薑豬肉餃', '主菜'),
('麻油蝦', '主菜'),
('麻油雞飯', '主菜'),
('麻辣鴨血', '主菜'),
('麻醬麵', '主菜'),
('黃瓜排骨湯', '主菜'),
('黑芝麻醬餅乾', '甜點');

--
-- 已傾印資料表的索引
--

--
-- 資料表索引 `使用者`
--
ALTER TABLE `使用者`
  ADD PRIMARY KEY (`帳號`,`菜名ID`),
  ADD KEY `Myfarovite` (`菜名ID`);

--
-- 資料表索引 `備料`
--
ALTER TABLE `備料`
  ADD PRIMARY KEY (`菜名ID`,`食材編碼ID`),
  ADD KEY `ingredients` (`食材編碼ID`);

--
-- 資料表索引 `國家健康標準`
--
ALTER TABLE `國家健康標準`
  ADD PRIMARY KEY (`年齡應攝取量`);

--
-- 資料表索引 `帳密`
--
ALTER TABLE `帳密`
  ADD PRIMARY KEY (`帳號`);

--
-- 資料表索引 `運動`
--
ALTER TABLE `運動`
  ADD PRIMARY KEY (`運動方式`);

--
-- 資料表索引 `食材`
--
ALTER TABLE `食材`
  ADD PRIMARY KEY (`食材編碼`),
  ADD KEY `Ingredients` (`食材`),
  ADD KEY `FoodType` (`食材類型`);

--
-- 資料表索引 `食譜`
--
ALTER TABLE `食譜`
  ADD PRIMARY KEY (`菜名ID`),
  ADD KEY `FoodName` (`菜名`);

--
-- 資料表索引 `食譜類型`
--
ALTER TABLE `食譜類型`
  ADD PRIMARY KEY (`菜名`);

--
-- 在傾印的資料表使用自動增長(AUTO_INCREMENT)
--

--
-- 使用資料表自動增長(AUTO_INCREMENT) `食材`
--
ALTER TABLE `食材`
  MODIFY `食材編碼` int(11) NOT NULL AUTO_INCREMENT, AUTO_INCREMENT=294;

--
-- 使用資料表自動增長(AUTO_INCREMENT) `食譜`
--
ALTER TABLE `食譜`
  MODIFY `菜名ID` int(11) NOT NULL AUTO_INCREMENT, AUTO_INCREMENT=301;

--
-- 已傾印資料表的限制(constraint)
--

--
-- 資料表的限制(constraint) `使用者`
--
ALTER TABLE `使用者`
  ADD CONSTRAINT `Myfarovite` FOREIGN KEY (`菜名ID`) REFERENCES `食譜` (`菜名ID`) ON DELETE CASCADE ON UPDATE CASCADE,
  ADD CONSTRAINT `accountnumber` FOREIGN KEY (`帳號`) REFERENCES `帳密` (`帳號`) ON DELETE CASCADE ON UPDATE CASCADE;

--
-- 資料表的限制(constraint) `備料`
--
ALTER TABLE `備料`
  ADD CONSTRAINT `FoodName1` FOREIGN KEY (`菜名ID`) REFERENCES `食譜` (`菜名ID`) ON DELETE CASCADE ON UPDATE CASCADE,
  ADD CONSTRAINT `ingredients` FOREIGN KEY (`食材編碼ID`) REFERENCES `食材` (`食材編碼`) ON DELETE CASCADE ON UPDATE CASCADE;

--
-- 資料表的限制(constraint) `食譜`
--
ALTER TABLE `食譜`
  ADD CONSTRAINT `FoodName` FOREIGN KEY (`菜名`) REFERENCES `食譜類型` (`菜名`) ON DELETE CASCADE ON UPDATE CASCADE;
COMMIT;

/*!40101 SET CHARACTER_SET_CLIENT=@OLD_CHARACTER_SET_CLIENT */;
/*!40101 SET CHARACTER_SET_RESULTS=@OLD_CHARACTER_SET_RESULTS */;
/*!40101 SET COLLATION_CONNECTION=@OLD_COLLATION_CONNECTION */;
